Name,Rank,Superkingdom,Kingdom,Phylum,Class,Order,Family,Genus,Species,1,2,3,4,5,6,7,8,9,10,11,12,13,14,15,16,17,18,19,20,21,22,23,24,25,26,27,28,29,30
Bacteroides cellulosilyticus,Species,Bacteria,,Bacteroidetes,Bacteroidia,Bacteroidales,Bacteroidaceae,Bacteroides,Bacteroides cellulosilyticus,60400000,0,0,0,0,0,0,0,0,0,0,0,0,0,0,0,0,0,0,0,0,0,0,0,0,0,0,0,0,0
Bacteria,Superkingdom,Bacteria,,,,,,,,43600000000,83200000000,38200000000,10213239010,49125987310,153175053770,154786452200,422303879520,560001963180,628826476560,3186581043200,2957885782880,3476571701630,2703321897810,202994962970,50408946940,166913518700,73027901700,430167938730,934001087850,811308049810,360469213520,200707643670,169041270680,82891560430,149353192500,490783480270,82155165450,179508825330,367882236860
Coriobacteriales,Order,Bacteria,,Actinobacteria,Coriobacteriia,Coriobacteriales,,,,7590000000,6120000000,788000000,0,0,0,0,206085900,14234000,26935897250,0,0,0,0,0,0,0,0,0,8010400,24720000,21347000,0,0,0,0,0,0,0,1173008100
Coriobacteriia,Class,Bacteria,,Actinobacteria,Coriobacteriia,,,,,8010000000,6420000000,788000000,0,0,0,0,206085900,14234000,27408887250,399800000,51479000,2424707000,180008000,0,0,0,0,0,8010400,44597000,21347000,0,0,0,0,0,0,0,1183953100
Tannerellaceae,Family,Bacteria,,Bacteroidetes,Bacteroidia,Bacteroidales,Tannerellaceae,,,250000000,0,0,0,0,64291000,45340000,56828000,712958000,176695000,0,0,1231359000,0,0,0,0,0,0,0,0,0,0,0,0,0,0,0,0,0
Bifidobacteriales,Order,Bacteria,,Actinobacteria,Actinobacteria,Bifidobacteriales,,,,2630000000,26400000000,15800000000,205791000,1492931700,42261916620,114732703900,137516439780,7363278950,9568915700,2399227486800,2141692930880,2346523240890,1494197962810,137798278370,689056260,102516681400,33096334500,163806751280,28643929010,147930000,29424317020,102126278890,2380893610,83718800,55321124100,77146287100,1327987500,66549960500,152508234370
Faecalibacterium,Genus,Bacteria,,Firmicutes,Clostridia,Clostridiales,Ruminococcaceae,Faecalibacterium,,0,6308000,193000000,0,0,0,0,8885685700,17022700,15225062800,0,0,0,0,0,0,0,0,1374200000,0,392411000,114040000,0,0,0,0,0,0,0,2362634720
Coprococcus,Genus,Bacteria,,Firmicutes,Clostridia,Clostridiales,Lachnospiraceae,Coprococcus,,0,48900000,0,0,0,11517900,0,0,0,3396962600,0,0,0,88838000,0,0,0,0,0,1343493000,3191113800,1621619000,66779000,47911000,0,0,0,0,216483500,188294200
Streptococcaceae,Family,Bacteria,,Firmicutes,Bacilli,Lactobacillales,Streptococcaceae,,,1190000000,3000000000,247000000,1418827400,5203004900,406252400,283958000,22345981100,140130951710,15635820100,161937000,70087000,319052000,1565656000,15318700,806190000,108441800,5380751300,2604078300,22587332040,3734084500,50147524520,9942452400,795055500,632627900,606915100,54244832100,4003671600,21022378100,36640351240
Streptococcus,Genus,Bacteria,,Firmicutes,Bacilli,Lactobacillales,Streptococcaceae,Streptococcus,,1150000000,3000000000,225000000,1341369400,4896936900,240614400,283958000,20673744100,137681044440,5781517400,161937000,70087000,319052000,1540625000,15318700,760146000,108441800,4955210400,2114911100,21868678640,3614726500,47941762420,9634222500,715760000,566708200,546711100,52549834500,3808245000,20005518900,35522258040
Veillonella,Genus,Bacteria,,Firmicutes,Negativicutes,Veillonellales,Veillonellaceae,Veillonella,,1520000000,97400000,0,7353900,766749900,5473889700,405513300,14123543700,0,3054983600,0,0,18397100000,4987785600,0,1676000,1306831000,2047585800,6687929800,334885700,8900148950,5596760000,215343810,6822152600,3229472600,3287271000,4078298200,32246300,990748100,13889451620
Streptococcus thermophilus,Species,Bacteria,,Firmicutes,Bacilli,Lactobacillales,Streptococcaceae,Streptococcus,Streptococcus thermophilus,22300000,10200000,150000000,14032800,0,3222400,0,1810865600,51969070260,1770161000,0,0,0,196170000,0,0,0,0,114354700,4422428710,393864000,10830261790,26079400,0,0,6399600,43044000,5552800,10684000,1997600400
Bacteroidales,Order,Bacteria,,Bacteroidetes,Bacteroidia,Bacteroidales,,,,1620000000,1310000000,59200000,126816200,328467600,2593520700,476874000,19622206200,19468322410,92685516200,11604809000,45899961700,45594881600,1670672000,1257324600,819536000,39512000,0,113169000,667768400,2570796740,1680523000,803320000,1920039000,82089000,448827800,596960000,1843722700,5387692200,2554388400
Chordata,Phylum,Eukaryota,Metazoa,Chordata,,,,,,16700000000,11700000000,4030000000,20793963330,13278684350,12024596500,59540926400,153354268430,17382426170,171745113700,246038952700,134805613500,170890300700,180203183200,20461839550,120558466870,60973542300,28893117000,58718221080,68986841200,77197164400,101210183240,61857332300,94199988710,21242614600,78050927100,119148360700,111246670920,58466686800,61984893300
Enterobacteriaceae,Family,Bacteria,,Proteobacteria,Gammaproteobacteria,Enterobacterales,Enterobacteriaceae,,,826000000,171000000,121000000,478001800,2631924100,559757900,814540000,403254000,75204402460,3634113100,2581339000,2209586000,5689017900,2799697000,330229600,13346994460,372367700,0,1946076300,12772496900,5422884200,357119900,16311000,445159000,615462310,1428727500,738526600,13616353000,1890874700,166408800
Lactobacillus,Genus,Bacteria,,Firmicutes,Bacilli,Lactobacillales,Lactobacillaceae,Lactobacillus,,4076900,506240,0,0,0,14900750800,0,8082700,739829000,81804000,0,1732836000,8671291000,3284249700,0,0,0,0,2200160500,12504842700,4648099300,282459200,4518462400,26518800,1104118900,3499700,2176326500,5204000,7271900,330427200
Hungatella,Genus,Bacteria,,Firmicutes,Clostridia,Clostridiales,Clostridiaceae,Hungatella,,57400000,0,0,0,21686200,0,0,0,0,0,0,0,0,0,0,0,0,0,0,0,0,0,0,0,0,0,0,0,0,0
Bacteroidaceae,Family,Bacteria,,Bacteroidetes,Bacteroidia,Bacteroidales,Bacteroidaceae,,,682000000,1040000000,27000000,6094400,80702000,220763700,0,18734861200,437549300,79828236500,7710651000,33404447500,29495073700,26047000,736882100,16780000,0,0,0,17360400,138710000,0,0,0,0,0,51684000,1388333900,4216560400,1575899200
Bacteroides,Genus,Bacteria,,Bacteroidetes,Bacteroidia,Bacteroidales,Bacteroidaceae,Bacteroides,,682000000,1040000000,27000000,6094400,80702000,220763700,0,18734861200,437549300,79828236500,7710651000,33404447500,29495073700,26047000,736882100,16780000,0,0,0,17360400,138710000,0,0,0,0,0,51684000,1388333900,4216560400,1575899200
Escherichia,Genus,Bacteria,,Proteobacteria,Gammaproteobacteria,Enterobacterales,Enterobacteriaceae,Escherichia,,14300000,0,70400000,0,40827800,1047100,0,0,504242000,125405000,0,0,0,0,32432000,773989600,138325100,0,0,0,157708000,3414800,0,24262000,39609000,471728300,35969700,187650000,0,0
Escherichia coli,Species,Bacteria,,Proteobacteria,Gammaproteobacteria,Enterobacterales,Enterobacteriaceae,Escherichia,Escherichia coli,3990200,0,0,0,0,0,0,0,411667000,125405000,0,0,0,0,0,397912500,19865100,0,0,0,0,0,0,0,0,292877300,0,0,0,0
Parabacteroides distasonis,Species,Bacteria,,Bacteroidetes,Bacteroidia,Bacteroidales,Tannerellaceae,Parabacteroides,Parabacteroides distasonis,147000000,0,0,0,0,0,0,0,0,0,0,0,0,0,0,0,0,0,0,0,0,0,0,0,0,0,0,0,0,0
Betaproteobacteria,Class,Bacteria,,Proteobacteria,Betaproteobacteria,,,,,0,41100000,0,0,10950000,17812000,0,19094000,0,3819478300,6597860000,8334003300,13090276000,10335677200,0,10360000,113920000,0,0,55276500,0,0,0,0,0,0,0,0,0,0
Veillonellales,Order,Bacteria,,Firmicutes,Negativicutes,Veillonellales,,,,1650000000,133000000,0,8141570,1787909500,7517507500,688153300,17223341700,0,3074621600,0,0,18593409000,4987785600,0,1676000,1453950800,2170985800,7914088800,708178700,10352017150,7693962300,284816810,7098874600,3417407600,3536491000,5610493200,32246300,1134808100,14140772620
[Eubacterium] eligens,Species,Bacteria,,Firmicutes,Clostridia,Clostridiales,Eubacteriaceae,Eubacterium,[Eubacterium] eligens,0,0,35900000,0,0,0,0,0,0,0,0,0,0,0,0,0,0,0,8799400,19439000,0,0,0,0,0,0,0,0,0,0
Selenomonadaceae,Family,Bacteria,,Firmicutes,Negativicutes,Selenomonadales,Selenomonadaceae,,,0,64200000,0,0,0,0,0,0,0,34712000,0,0,32008300,0,0,0,0,0,50336000,0,67458000,0,0,0,0,0,23413000,0,0,23122500
Ruminococcaceae,Family,Bacteria,,Firmicutes,Clostridia,Clostridiales,Ruminococcaceae,,,175000000,549000000,593000000,0,182156900,1764159600,0,8979728200,55209300,19303152200,0,77463000,1966031000,6520134900,0,3853800,31539000,0,1385174000,12683654500,5263410100,2302531900,0,253275100,21748500,60616900,1972182300,2576744000,52180000,3328418220
Enterococcus,Genus,Bacteria,,Firmicutes,Bacilli,Lactobacillales,Enterococcaceae,Enterococcus,,106000000,0,0,0,0,0,0,128264000,3652700,10931000,0,0,29207000,5021485000,0,0,0,0,441170000,306650000,371916000,0,16979000,2528563700,1001517200,618787000,26188000,19692000,14869000,0
Blautia obeum,Species,Bacteria,,Firmicutes,Clostridia,Clostridiales,Lachnospiraceae,Blautia,Blautia obeum,0,4050000000,871000000,0,0,0,0,4333331000,0,2146875000,0,0,0,0,0,0,0,0,0,0,3265577100,0,0,0,0,0,0,0,0,400001200
Enterococcus faecium,Species,Bacteria,,Firmicutes,Bacilli,Lactobacillales,Enterococcaceae,Enterococcus,Enterococcus faecium,87800000,0,0,0,0,0,0,0,0,0,0,0,0,182666000,0,0,0,0,0,0,134986000,0,0,1960887400,622956100,405544000,0,0,0,0
Roseburia,Genus,Bacteria,,Firmicutes,Clostridia,Clostridiales,Lachnospiraceae,Roseburia,,0,0,128000000,0,103990000,50242000,0,0,0,404810000,0,0,0,187327000,0,0,0,0,0,938994000,494285000,20643901800,0,0,0,0,405603000,0,33786000,147898400
Faecalibacterium prausnitzii,Species,Bacteria,,Firmicutes,Clostridia,Clostridiales,Ruminococcaceae,Faecalibacterium,Faecalibacterium prausnitzii,0,0,193000000,0,0,0,0,8885685700,17022700,15184682800,0,0,0,0,0,0,0,0,1374200000,0,58051000,114040000,0,0,0,0,0,0,0,2345001720
Blautia,Genus,Bacteria,,Firmicutes,Clostridia,Clostridiales,Lachnospiraceae,Blautia,,0,4120000000,911000000,0,738085000,861050000,0,4695151000,116553200,6975138300,0,83673000,1004897000,88285000,0,0,0,0,34013000,242571009960,16121567900,1369874000,0,1223759100,0,0,4153853800,0,0,529838200
Negativicutes,Class,Bacteria,,Firmicutes,Negativicutes,,,,,1870000000,207000000,0,13787170,1839504100,7598496500,688153300,17818867700,0,25979635600,0,39905000,21562889200,5068196600,0,1676000,1531164800,2617173800,8601249800,708178700,10573530150,8035208300,284816810,7113571600,3499322900,3629133000,6008396200,32246300,1134808100,14317878920
Selenomonadales,Order,Bacteria,,Firmicutes,Negativicutes,Selenomonadales,,,,0,64200000,0,0,0,0,0,0,0,34712000,0,0,32008300,0,0,0,0,0,446610000,0,67458000,0,0,0,0,0,23413000,0,0,23122500
Archaea,Superkingdom,Archaea,,,,,,,,0,90500000,235000000,0,0,0,0,33234000,0,59072000,0,0,0,0,0,0,0,0,0,0,0,0,15357000,32823000,0,0,0,0,0,0
Bifidobacterium pseudocatenulatum,Species,Bacteria,,Actinobacteria,Actinobacteria,Bifidobacteriales,Bifidobacteriaceae,Bifidobacterium,Bifidobacterium pseudocatenulatum,13700000,285000000,0,0,0,0,0,311258000,0,0,419851000,503012000,203209000,0,0,0,0,0,0,0,0,0,0,0,0,0,0,0,0,0
Hominidae,Family,Eukaryota,Metazoa,Chordata,Mammalia,Primates,Hominidae,,,2550000000,2020000000,629000000,1198926700,2487818700,1714153800,23548052400,29227905200,5495334300,48468917800,113737839200,67804354500,85345901500,46005881300,9727638650,42941689520,27690186400,7756124700,20278300500,10465210700,16309757900,8417244600,6472265500,33852796210,4586410300,12384426400,35730458000,23615769420,15583026000,12055092700
Homo,Genus,Eukaryota,Metazoa,Chordata,Mammalia,Primates,Hominidae,Homo,,878000000,750000000,243000000,377388600,671200000,1291193600,6035995700,12284939100,4275505200,17032758000,35175704500,36401832000,34603494000,33143164000,3396924100,13540949600,11320551000,4356827100,2227475700,3265896500,4752056000,1195979000,2938077300,5837324900,1024990800,4276343300,5556734100,8286906600,4111993300,2688304500
Homo sapiens,Species,Eukaryota,Metazoa,Chordata,Mammalia,Primates,Hominidae,Homo,Homo sapiens,878000000,750000000,243000000,377388600,671200000,1291193600,6035995700,12284939100,4275505200,17032758000,35175704500,36401832000,34603494000,33143164000,3396924100,13540949600,11320551000,4356827100,2227475700,3265896500,4752056000,1195979000,2938077300,5837324900,1024990800,4276343300,5556734100,8286906600,4111993300,2688304500
Coriobacteriaceae,Family,Bacteria,,Actinobacteria,Coriobacteriia,Coriobacteriales,Coriobacteriaceae,,,7040000000,5190000000,737000000,0,0,0,0,206085900,0,22327270250,0,0,0,0,0,0,0,0,0,0,0,0,0,0,0,0,0,0,0,1042838100
Bifidobacterium,Genus,Bacteria,,Actinobacteria,Actinobacteria,Bifidobacteriales,Bifidobacteriaceae,Bifidobacterium,,2020000000,16000000000,13700000000,205791000,1014880000,35526695420,95204494500,108720367180,5798215360,7447641700,2059607486250,1790628538480,2011512659290,1248576398610,114166143170,610792060,75634332700,26751201500,127478873680,26371197010,127975000,22610942920,87613551290,1898603110,61895400,48242699400,59312560400,1028875300,53992941500,128224305170
Anaerostipes,Genus,Bacteria,,Firmicutes,Clostridia,Clostridiales,Lachnospiraceae,Anaerostipes,,0,27500000,0,0,117704700,39189000,0,0,0,0,0,0,175736000,388181000,0,0,0,0,0,322812000,48968000,6979700,0,0,0,0,36304000,0,0,4618300
Ruminococcus lactaris,Species,Bacteria,,Firmicutes,Clostridia,Clostridiales,Ruminococcaceae,Ruminococcus,Ruminococcus lactaris,0,313000000,29300000,0,0,0,0,29312000,0,68273000,0,0,105359000,132240000,0,0,0,0,0,0,701567000,0,0,0,0,0,0,0,0,0
Bifidobacterium breve,Species,Bacteria,,Actinobacteria,Actinobacteria,Bifidobacteriales,Bifidobacteriaceae,Bifidobacterium,Bifidobacterium breve,0,10100000,44300000,41172000,135176200,1665455220,30355000,1802901260,0,78463600,8900724000,6444620000,21241435000,1301544000,76395000,0,1112300000,0,60489000,0,0,2418427820,264720000,0,0,67191000,0,0,186950100,562628000
Lactobacillaceae,Family,Bacteria,,Firmicutes,Bacilli,Lactobacillales,Lactobacillaceae,,,4076900,506240,0,0,0,15844033700,0,8082700,739829000,81804000,0,1766183000,8788023000,4437757700,0,0,0,0,2268508700,13197680800,5024146300,290943400,4554147300,26518800,1104118900,3499700,2186492500,5204000,7271900,330427200
Marvinbryantia,Genus,Bacteria,,Firmicutes,Clostridia,Clostridiales,Lachnospiraceae,Marvinbryantia,,0,10600000,0,0,0,0,0,0,0,74629800,0,0,0,0,0,0,0,0,0,0,362707000,0,0,0,0,0,55965000,0,42074000,11607000
Clostridiales,Order,Bacteria,,Firmicutes,Clostridia,Clostridiales,,,,904000000,14100000000,4960000000,1480939600,7895180600,25902186550,1125725200,88906995700,1572530200,205791263020,824072300,14520236900,66083736100,222688419400,0,2259245700,1216360100,480162400,99750795200,394561328850,372839678680,81847870170,6138410070,33813617520,9501726120,10177053400,109401950350,3473321400,4920661800,14374995600
Lachnospiraceae,Family,Bacteria,,Firmicutes,Clostridia,Clostridiales,Lachnospiraceae,,,0,4470000000,1240000000,0,1095503100,1083631400,12779000,5071382000,269661900,32326178000,75397700,399168000,2733203000,6961351000,0,50296300,86753000,158121000,6706975800,291972835060,33096314700,26447362800,1015079000,3757675100,435859000,263148000,8593773100,77081000,539481400,1626753100
Clostridia,Class,Bacteria,,Firmicutes,Clostridia,,,,,904000000,14100000000,4960000000,1480939600,7895180600,25902186550,1125725200,89205598700,1572530200,206083281520,824072300,14520236900,66147493100,223813477400,0,2259245700,1216360100,480162400,100099338200,394597097850,372963832680,82514559670,6172465070,33897418620,9538846120,10255107400,114262761350,3473321400,4972384800,14451685600
Bacilli,Class,Bacteria,,Firmicutes,Bacilli,,,,,1300000000,3000000000,247000000,1442914900,6615664400,19023117300,414840800,24726300500,150423572080,19263374300,161937000,5055908000,11883437700,39517144600,35201700,1035720900,108441800,7241297900,6079137900,40879616540,10437067100,53162848820,16418131800,3961822440,3118315600,1396211700,69811739900,4393509900,24627374600,43019421340
Eubacteriaceae,Family,Bacteria,,Firmicutes,Clostridia,Clostridiales,Eubacteriaceae,,,10100000,424000000,91600000,0,0,0,0,233910000,0,910760900,0,216734900,118668000,210625000,0,0,0,54699600,1389653400,3743456100,5885488600,419622600,42357900,156576900,28823900,38907000,589691000,13273000,14301000,283436700
Peptostreptococcaceae,Family,Bacteria,,Firmicutes,Clostridia,Clostridiales,Peptostreptococcaceae,,,34400000,0,0,0,0,0,25482000,1209225100,0,787677000,0,0,66717000,1566345500,0,0,0,0,0,0,330300000,736423000,0,500847000,0,86899000,1442928000,0,0,105221580
Metazoa,Kingdom,Eukaryota,Metazoa,,,,,,,16900000000,11700000000,5110000000,23157044230,14395856250,13069891300,60199563100,154971361430,19608258320,177884708100,253937230700,139797177500,178361054700,196086322200,20970372550,122722520070,63997312900,30002617000,59050904480,69986426200,82357778000,128235823140,68342945900,99248677910,23176722400,84198673700,125106790700,119201733620,60161962700,63932311200
Collinsella aerofaciens,Species,Bacteria,,Actinobacteria,Coriobacteriia,Coriobacteriales,Coriobacteriaceae,Collinsella,Collinsella aerofaciens,58000000,157000000,0,0,0,0,0,0,0,1398474500,0,0,0,0,0,0,0,0,0,0,0,0,0,0,0,0,0,0,0,403668100
Hungatella hathewayi,Species,Bacteria,,Firmicutes,Clostridia,Clostridiales,Clostridiaceae,Hungatella,Hungatella hathewayi,57400000,0,0,0,21686200,0,0,0,0,0,0,0,0,0,0,0,0,0,0,0,0,0,0,0,0,0,0,0,0,0
Enterococcaceae,Family,Bacteria,,Firmicutes,Bacilli,Lactobacillales,Enterococcaceae,,,106000000,0,0,0,0,0,0,128264000,3652700,10931000,0,0,29207000,5709396000,0,0,0,0,441170000,306650000,371916000,0,16979000,2528563700,1008956700,618787000,26188000,19692000,14869000,0
Bacteroidia,Class,Bacteria,,Bacteroidetes,Bacteroidia,,,,,1620000000,1310000000,59200000,126816200,328467600,2593520700,476874000,19729906200,19551340410,93294516200,11604809000,46012721700,45640838600,1670672000,1257324600,819536000,39512000,0,113169000,667768400,2570796740,1680523000,803320000,1920039000,82089000,462185800,596960000,1843722700,5387692200,2554388400
Eubacterium,Genus,Bacteria,,Firmicutes,Clostridia,Clostridiales,Eubacteriaceae,Eubacterium,,10100000,424000000,91600000,0,0,0,0,180594000,0,869866900,0,8084900,118668000,50075000,0,0,0,54699600,1389653400,1770711100,5363738600,349292600,42357900,124905900,28823900,38907000,496996000,13273000,14301000,249492700
Marvinbryantia formatexigens,Species,Bacteria,,Firmicutes,Clostridia,Clostridiales,Lachnospiraceae,Marvinbryantia,Marvinbryantia formatexigens,0,10600000,0,0,0,0,0,0,0,74629800,0,0,0,0,0,0,0,0,0,0,362707000,0,0,0,0,0,55965000,0,42074000,11607000
Burkholderiales bacterium YL45,Species,Bacteria,,Proteobacteria,Betaproteobacteria,Burkholderiales,,,Burkholderiales bacterium YL45,0,41100000,0,0,0,0,0,0,0,0,0,0,0,0,0,0,0,0,0,0,0,0,0,0,0,0,0,0,0,0
Eukaryota,Superkingdom,Eukaryota,,,,,,,,17200000000,11900000000,6410000000,28355305530,18710301850,15404059100,60364777800,155704746230,21155515920,185218062100,260060260700,142519242500,189153054700,212689231200,21214338850,123236146470,64507990900,30495669000,59406663480,70891950100,85387899200,142983143540,101388721000,104770385910,24978750300,97083581400,128991907500,133821240820,63782366000,71005695300
Lactobacillales,Order,Bacteria,,Firmicutes,Bacilli,Lactobacillales,,,,1300000000,3000000000,247000000,1438885500,5420059900,18751622100,410368000,23527127800,148301105810,17460499000,161937000,2329208000,11665667700,35769566600,35201700,1035720900,108441800,7189880900,5901817900,39492071740,9759569800,51440971920,15366723900,3768292000,3007282900,1315290800,61804215700,4117727400,22163329600,39284103440
Proteobacteria,Phylum,Bacteria,,Proteobacteria,,,,,,12000000000,1970000000,831000000,2162073560,9062556510,2201134400,856437300,2296042000,171084167510,29952103590,28029852700,30829475800,42621792600,21637095900,1775548600,29625702160,6002297400,184724900,10916648680,30464998880,22750423700,10321996500,160626000,1951411900,2177104310,12538977600,4559968800,41523078650,5535052430,1296493500
Burkholderiales,Order,Bacteria,,Proteobacteria,Betaproteobacteria,Burkholderiales,,,,0,41100000,0,0,10950000,17812000,0,19094000,0,3760943300,6597860000,8334003300,13090276000,10335677200,0,10360000,113920000,0,0,0,0,0,0,0,0,0,0,0,0,0
Clostridium,Genus,Bacteria,,Firmicutes,Clostridia,Clostridiales,Clostridiaceae,Clostridium,,16900000,58000000,8751700,1473600000,15744100,890426200,753288500,54449307200,1108087000,5584353400,433265600,1469831000,1048532100,12829902000,0,2065746200,372419100,0,81060319100,8635935800,4182202800,1347763400,4478861070,22611157100,7105581020,3900315500,13348408500,252978200,515690100,1946085000
Bacteroidetes,Phylum,Bacteria,,Bacteroidetes,,,,,,1680000000,1360000000,67900000,126816200,328467600,2593520700,476874000,20267579900,19959473410,94804261500,11792114600,46754843700,46331529600,1677607400,1290579100,819536000,39512000,0,113169000,667768400,2570796740,1680523000,803320000,1920039000,84522600,462185800,596960000,1887357200,5646238900,2662272100
Bifidobacteriaceae,Family,Bacteria,,Actinobacteria,Actinobacteria,Bifidobacteriales,Bifidobacteriaceae,,,2630000000,26400000000,15800000000,205791000,1492931700,42261916620,114732703900,137516439780,7363278950,9568915700,2399227486800,2141692930880,2346523240890,1494197962810,137798278370,689056260,102516681400,33096334500,163806751280,28643929010,147930000,29424317020,102126278890,2380893610,83718800,55321124100,77146287100,1327987500,66549960500,152508234370
Enterobacterales,Order,Bacteria,,Proteobacteria,Gammaproteobacteria,Enterobacterales,,,,1620000000,1040000000,318000000,557752200,3645266400,681794900,814540000,756994000,97118384280,4541920600,3280039000,3307789000,8353908200,3820171100,589951600,16898566860,842506800,0,2308949080,15020670300,7548164500,879517900,16311000,1032736300,840772110,2624386500,1658503500,19572720370,2729752900,236209800
Gammaproteobacteria,Class,Bacteria,,Proteobacteria,Gammaproteobacteria,,,,,1980000000,1050000000,382000000,773922500,4625922300,705742100,846787000,1075705000,113716060930,6441778500,3721879000,4146940000,11465215200,7847214100,617020300,19324676360,945619000,3164900,2813881580,18154746600,10185085500,2404359800,16311000,1098336300,1200761410,4250460500,2149228500,27490049470,3280449700,649479500
Actinobacteria,Phylum,Bacteria,,Actinobacteria,,,,,,11100000000,35000000000,17800000000,205791000,1613676800,45156371220,116867372400,141227814580,7597837350,10355197300,2474845097200,2215353542580,2430657637090,1574433071610,142007559570,2615107960,105421179700,34153841100,171994918080,29341382310,149437600,32420940620,111168165290,2596873310,113635300,57440381600,79640912200,1373186300,69624785400,161425611270
Firmicutes,Phylum,Bacteria,,Firmicutes,,,,,,6690000000,26000000000,9670000000,4180446470,25294902300,71868337050,2584565600,160897942600,178002401720,333422280720,6034036300,27535366900,142344753670,417648886600,799514600,4068429310,3802662300,12502012900,126765086310,700218694150,619897173570,199832515720,26078709980,114785171660,52760728330,29293018700,265030739010,10084289800,37887673300,87405625030
Collinsella,Genus,Bacteria,,Actinobacteria,Coriobacteriia,Coriobacteriales,Coriobacteriaceae,Collinsella,,7000000000,5150000000,737000000,0,0,0,0,206085900,0,21642618350,0,0,0,0,0,0,0,0,0,0,0,0,0,0,0,0,0,0,0,1033779400
Mammalia,Class,Eukaryota,Metazoa,Chordata,Mammalia,,,,,15100000000,10500000000,2000000000,16908531930,10824076750,9393113800,56917824700,136950530930,14758918370,157648557900,235676317700,132163506800,158996910100,144822025900,20223255850,116143393170,58167221300,25672306700,53676324080,53075527200,64507202700,37453278840,49248288300,84653628610,18979830200,39296094800,109421376700,97713168820,53554936600,40232399800
Primates,Order,Eukaryota,Metazoa,Chordata,Mammalia,Primates,,,,10900000000,7020000000,1150000000,5421809000,6332060950,5843466800,36078388600,85575785200,8755560090,115635233800,180775417700,111803801400,125858184500,79214650000,14994563950,88322797420,39083807300,13775022000,32754073600,28618092900,39032820600,18119941100,19047669100,50491409110,8428767000,23895638300,80282415500,62463751520,35359489900,21651524300
Bacteroides massiliensis,Species,Bacteria,,Bacteroidetes,Bacteroidia,Bacteroidales,Bacteroidaceae,Bacteroides,Bacteroides massiliensis,22800000,3495700,0,0,0,0,0,0,0,86156000,0,155360000,25830000,0,0,0,0,0,0,0,0,0,0,0,0,0,0,0,0,0
Veillonellaceae,Family,Bacteria,,Firmicutes,Negativicutes,Veillonellales,Veillonellaceae,,,1650000000,133000000,0,8141570,1787909500,7517507500,688153300,17223341700,0,3074621600,0,0,18593409000,4987785600,0,1676000,1453950800,2170985800,7914088800,708178700,10352017150,7693962300,284816810,7098874600,3417407600,3536491000,5610493200,32246300,1134808100,14140772620
Peptostreptococcus,Genus,Bacteria,,Firmicutes,Clostridia,Clostridiales,Peptostreptococcaceae,Peptostreptococcus,,34400000,0,0,0,0,0,0,1138444100,0,0,0,0,0,0,0,0,0,0,0,0,0,0,0,0,0,0,0,0,0,0
Clostridiaceae,Family,Bacteria,,Firmicutes,Clostridia,Clostridiales,Clostridiaceae,,,261000000,65100000,8751700,1473600000,299364300,890426200,753288500,54972662200,1108087000,6569031700,478555600,1469831000,1289333100,13291413800,0,2117928200,640349100,0,81772598100,8809557600,4345242800,1496862400,4512452070,22752431100,7166620720,4029176500,13390949500,252978200,2114309800,2198709600
Peptostreptococcus anaerobius,Species,Bacteria,,Firmicutes,Clostridia,Clostridiales,Peptostreptococcaceae,Peptostreptococcus,Peptostreptococcus anaerobius,10500000,0,0,0,0,0,0,710085700,0,0,0,0,0,0,0,0,0,0,0,0,0,0,0,0,0,0,0,0,0,0
Ruminococcus,Genus,Bacteria,,Firmicutes,Clostridia,Clostridiales,Ruminococcaceae,Ruminococcus,,0,521000000,74400000,0,168039900,1725285600,0,33554000,23681000,568681000,0,77463000,1265750000,6067274900,0,3853800,31539000,0,0,12561086800,4253276700,1240491300,0,213847000,21748500,60616900,1928389300,15744000,29951000,312817900
Bifidobacterium longum,Species,Bacteria,,Actinobacteria,Actinobacteria,Bifidobacteriales,Bifidobacteriaceae,Bifidobacterium,Bifidobacterium longum,4323900,413000000,3150000000,0,0,1163969400,23255191800,437309400,605504300,503224600,189180445400,131501754900,119821143880,270900485700,19188468880,42904500,2324336700,4427452600,100182000,0,0,42528400,1219859800,145480000,0,216865000,0,0,330764000,1262350200
Parabacteroides,Genus,Bacteria,,Bacteroidetes,Bacteroidia,Bacteroidales,Tannerellaceae,Parabacteroides,,250000000,0,0,0,0,64291000,45340000,56828000,712958000,176695000,0,0,1231359000,0,0,0,0,0,0,0,0,0,0,0,0,0,0,0,0,0
Veillonella sp. DORA_A_3_16_22,Species,Bacteria,,Firmicutes,Negativicutes,Veillonellales,Veillonellaceae,Veillonella,Veillonella sp. DORA_A_3_16_22,0,0,0,0,0,53255000,0,774334000,0,0,0,0,0,0,0,0,0,0,324441000,0,953419000,96723600,0,49815000,0,0,0,0,0,0
Dialister,Genus,Bacteria,,Firmicutes,Negativicutes,Veillonellales,Veillonellaceae,Dialister,,0,0,0,0,42112400,158873000,0,0,0,0,0,0,0,0,0,0,0,0,0,0,0,0,0,0,0,0,366729000,0,0,0
Dialister pneumosintes,Species,Bacteria,,Firmicutes,Negativicutes,Veillonellales,Veillonellaceae,Dialister,Dialister pneumosintes,0,0,0,0,42112400,158873000,0,0,0,0,0,0,0,0,0,0,0,0,0,0,0,0,0,0,0,0,366729000,0,0,0
Citrobacter,Genus,Bacteria,,Proteobacteria,Gammaproteobacteria,Enterobacterales,Enterobacteriaceae,Citrobacter,,0,0,0,154037000,0,0,0,0,0,0,0,0,0,0,0,0,0,0,0,0,0,0,0,0,0,0,0,387587000,0,0
Citrobacter koseri,Species,Bacteria,,Proteobacteria,Gammaproteobacteria,Enterobacterales,Enterobacteriaceae,Citrobacter,Citrobacter koseri,0,0,0,146032100,0,0,0,0,0,0,0,0,0,0,0,0,0,0,0,0,0,0,0,0,0,0,0,0,0,0
Prevotellaceae,Family,Bacteria,,Bacteroidetes,Bacteroidia,Bacteroidales,Prevotellaceae,,,0,0,0,0,16216000,276842000,0,0,402198000,2157535000,104146000,0,217147000,55796000,24186000,19856000,0,0,72597000,0,548277000,1085093000,0,0,0,0,13603000,32744000,0,36411700
Klebsiella,Genus,Bacteria,,Proteobacteria,Gammaproteobacteria,Enterobacterales,Enterobacteriaceae,Klebsiella,,0,0,0,12676800,256086700,150730000,0,0,28917326780,182899000,81088000,0,345498000,639783000,0,442093340,0,0,197674800,444187000,137106000,0,16311000,0,63184600,97070000,45189000,1272262700,175359000,0
Lactobacillus reuteri,Species,Bacteria,,Firmicutes,Bacilli,Lactobacillales,Lactobacillaceae,Lactobacillus,Lactobacillus reuteri,0,0,0,0,0,5167202100,0,0,0,0,0,0,0,0,0,0,0,0,673732800,4077322600,1554159500,53868000,0,0,0,0,0,0,0,0
Fusobacteria,Phylum,Bacteria,,Fusobacteria,,,,,,0,0,0,128860000,26438000,0,0,4007900,104690000,39752000,0,0,0,0,0,68280000,0,0,0,28325000,12952000,7924200,3354100000,75179000,0,23663000,0,0,0,0
Butyricicoccus pullicaecorum,Species,Bacteria,,Firmicutes,Clostridia,Clostridiales,Clostridiaceae,Butyricicoccus,Butyricicoccus pullicaecorum,0,0,0,0,110747600,0,0,0,0,588788600,0,0,0,0,0,0,0,0,0,0,0,0,0,0,0,0,0,0,260150700,0
Blautia sp. KLE 1732,Species,Bacteria,,Firmicutes,Clostridia,Clostridiales,Lachnospiraceae,Blautia,Blautia sp. KLE 1732,0,0,0,0,0,761402000,0,0,0,0,0,0,0,0,0,0,0,0,0,0,0,0,0,0,0,0,0,0,0,0
Prevotella,Genus,Bacteria,,Bacteroidetes,Bacteroidia,Bacteroidales,Prevotellaceae,Prevotella,,0,0,0,0,16216000,276842000,0,0,402198000,295035000,104146000,0,217147000,55796000,24186000,19856000,0,0,72597000,0,458635000,1085093000,0,0,0,0,13603000,32744000,0,36411700
Fusobacterium,Genus,Bacteria,,Fusobacteria,Fusobacteriia,Fusobacteriales,Fusobacteriaceae,Fusobacterium,,0,0,0,128860000,26438000,0,0,4007900,104690000,39752000,0,0,0,0,0,68280000,0,0,0,28325000,12952000,7924200,3354100000,40806000,0,23663000,0,0,0,0
Sutterella,Genus,Bacteria,,Proteobacteria,Betaproteobacteria,Burkholderiales,Sutterellaceae,Sutterella,,0,0,0,0,10950000,17812000,0,0,0,3760943300,6597860000,8250897300,13047355000,10296059200,0,10360000,113920000,0,0,0,0,0,0,0,0,0,0,0,0,0
Bacillales,Order,Bacteria,,Firmicutes,Bacilli,Bacillales,,,,0,0,0,0,0,29094000,0,451293000,0,190877900,0,2726700000,25935000,56463000,0,0,0,0,124290000,520260000,382522000,461090000,0,0,21360000,0,249111200,0,0,176919000
Dorea longicatena,Species,Bacteria,,Firmicutes,Clostridia,Clostridiales,Lachnospiraceae,Dorea,Dorea longicatena,0,0,0,0,0,16599600,0,0,0,105282000,0,0,0,0,0,0,0,0,434930000,17070000,0,0,0,0,0,0,133193000,0,0,0
Anaerostipes caccae,Species,Bacteria,,Firmicutes,Clostridia,Clostridiales,Lachnospiraceae,Anaerostipes,Anaerostipes caccae,0,0,0,0,117704700,39189000,0,0,0,0,0,0,175736000,388181000,0,0,0,0,0,322812000,48968000,6979700,0,0,0,0,0,0,0,0
Megasphaera,Genus,Bacteria,,Firmicutes,Negativicutes,Veillonellales,Veillonellaceae,Megasphaera,,0,0,0,787670,0,812527800,0,134588000,0,19638000,0,0,0,0,0,0,11370800,0,0,12813000,0,472206300,0,0,0,0,0,0,0,0
Dorea,Genus,Bacteria,,Firmicutes,Clostridia,Clostridiales,Lachnospiraceae,Dorea,,0,0,0,0,0,16599600,0,0,0,3654795200,0,0,317940000,1248334000,0,0,0,0,434930000,5207259700,64955000,739426900,0,0,0,0,785486000,0,0,0
Bifidobacterium bifidum,Species,Bacteria,,Actinobacteria,Actinobacteria,Bifidobacteriales,Bifidobacteriaceae,Bifidobacterium,Bifidobacterium bifidum,0,0,0,76636000,19934000,3911570700,8437200,16580988800,93359000,80675000,457263455400,318275413600,299119643500,2583871800,0,0,0,0,0,0,0,0,0,0,0,0,117346600,361856800,6749837400,737431200
Megasphaera micronuciformis,Species,Bacteria,,Firmicutes,Negativicutes,Veillonellales,Veillonellaceae,Megasphaera,Megasphaera micronuciformis,0,0,0,0,0,784378800,0,0,0,0,0,0,0,0,0,0,0,0,0,12813000,0,345718900,0,0,0,0,0,0,0,0
Sutterellaceae,Family,Bacteria,,Proteobacteria,Betaproteobacteria,Burkholderiales,Sutterellaceae,,,0,0,0,0,10950000,17812000,0,0,0,3760943300,6597860000,8250897300,13047355000,10296059200,0,10360000,113920000,0,0,0,0,0,0,0,0,0,0,0,0,0
Veillonella seminalis,Species,Bacteria,,Firmicutes,Negativicutes,Veillonellales,Veillonellaceae,Veillonella,Veillonella seminalis,0,0,0,7353900,0,667374800,0,0,0,0,0,0,0,0,0,0,0,0,0,0,0,0,0,0,1104947200,11859000,1088694400,25933000,7486000,0
Coprococcus comes,Species,Bacteria,,Firmicutes,Clostridia,Clostridiales,Lachnospiraceae,Coprococcus,Coprococcus comes,0,0,0,0,0,11517900,0,0,0,0,0,0,0,0,0,0,0,0,0,0,0,0,0,0,0,0,0,0,0,0
Clostridium perfringens,Species,Bacteria,,Firmicutes,Clostridia,Clostridiales,Clostridiaceae,Clostridium,Clostridium perfringens,0,0,0,0,15744100,527819300,392018500,1801386000,0,0,0,0,0,11420900,0,243488900,24518000,0,41746018500,2737743100,307926200,25500200,0,3742354500,1176120900,1284465600,1767374300,6320100,2358000,86473700
Prevotella buccae,Species,Bacteria,,Bacteroidetes,Bacteroidia,Bacteroidales,Prevotellaceae,Prevotella,Prevotella buccae,0,0,0,0,0,28532000,0,0,0,0,0,0,0,0,0,0,0,0,0,0,0,0,0,0,0,0,0,0,0,0
Fusobacteriales,Order,Bacteria,,Fusobacteria,Fusobacteriia,Fusobacteriales,,,,0,0,0,128860000,26438000,0,0,4007900,104690000,39752000,0,0,0,0,0,68280000,0,0,0,28325000,12952000,7924200,3354100000,75179000,0,23663000,0,0,0,0
Fusobacteriia,Class,Bacteria,,Fusobacteria,Fusobacteriia,,,,,0,0,0,128860000,26438000,0,0,4007900,104690000,39752000,0,0,0,0,0,68280000,0,0,0,28325000,12952000,7924200,3354100000,75179000,0,23663000,0,0,0,0
Fusobacteriaceae,Family,Bacteria,,Fusobacteria,Fusobacteriia,Fusobacteriales,Fusobacteriaceae,,,0,0,0,128860000,26438000,0,0,4007900,104690000,39752000,0,0,0,0,0,68280000,0,0,0,28325000,12952000,7924200,3354100000,75179000,0,23663000,0,0,0,0
Butyricicoccus,Genus,Bacteria,,Firmicutes,Clostridia,Clostridiales,Clostridiaceae,Butyricicoccus,,0,0,0,0,110747600,0,0,0,0,893959100,0,0,0,0,0,0,0,0,0,0,0,0,0,0,0,0,0,0,1576190700,45606000
Actinomycetaceae,Family,Bacteria,,Actinobacteria,Actinobacteria,Actinomycetales,Actinomycetaceae,,,0,0,0,0,0,0,0,17134000,0,30883000,7306987000,13641903000,7353453000,2362970000,0,1921800000,0,8772900,30076000,0,0,1893823000,0,0,0,0,406250000,0,60541000,2391600
Clostridium baratii,Species,Bacteria,,Firmicutes,Clostridia,Clostridiales,Clostridiaceae,Clostridium,Clostridium baratii,0,0,0,0,0,0,0,30819000,0,0,0,0,0,0,0,0,0,0,0,39611000,0,0,0,0,0,0,0,0,0,0
Enterobacter,Genus,Bacteria,,Proteobacteria,Gammaproteobacteria,Enterobacterales,Enterobacteriaceae,Enterobacter,,0,0,0,0,0,0,0,0,408635000,24026000,0,80413000,820494000,0,0,0,0,0,0,0,0,0,0,0,0,0,0,0,0,0
Mycoplasmatales,Order,Bacteria,,Tenericutes,Mollicutes,Mycoplasmatales,,,,0,0,0,0,0,0,0,282590000,0,0,0,0,0,0,0,0,0,0,0,0,0,0,0,0,0,0,0,0,0,0
Enterobacter cloacae,Species,Bacteria,,Proteobacteria,Gammaproteobacteria,Enterobacterales,Enterobacteriaceae,Enterobacter,Enterobacter cloacae,0,0,0,0,0,0,0,0,113385000,0,0,0,0,0,0,0,0,0,0,0,0,0,0,0,0,0,0,0,0,0
Mycoplasmataceae,Family,Bacteria,,Tenericutes,Mollicutes,Mycoplasmatales,Mycoplasmataceae,,,0,0,0,0,0,0,0,282590000,0,0,0,0,0,0,0,0,0,0,0,0,0,0,0,0,0,0,0,0,0,0
Mycoplasma,Genus,Bacteria,,Tenericutes,Mollicutes,Mycoplasmatales,Mycoplasmataceae,Mycoplasma,,0,0,0,0,0,0,0,282590000,0,0,0,0,0,0,0,0,0,0,0,0,0,0,0,0,0,0,0,0,0,0
Alphaproteobacteria,Class,Bacteria,,Proteobacteria,Alphaproteobacteria,,,,,0,0,0,0,0,0,0,0,0,91156100,0,0,0,0,0,0,0,0,0,1443956000,13327000,0,14363000,12060000,7291700,0,41883000,13442000,12401000,33886000
Flavonifractor,Genus,Bacteria,,Firmicutes,Clostridia,Clostridiales,Ruminococcaceae,Flavonifractor,,0,0,0,0,0,0,0,0,0,1586788000,0,0,0,0,0,0,0,0,0,2708700,446743000,853410600,0,0,0,0,0,0,0,78003500
Escherichia fergusonii,Species,Bacteria,,Proteobacteria,Gammaproteobacteria,Enterobacterales,Enterobacteriaceae,Escherichia,Escherichia fergusonii,0,0,0,0,0,0,0,0,92575000,0,0,0,0,0,0,0,0,0,0,0,0,0,0,0,0,0,0,0,0,0
Peptoniphilaceae,Family,Bacteria,,Firmicutes,Tissierellia,Tissierellales,Peptoniphilaceae,,,0,0,0,0,0,0,0,4387800,68834000,0,0,0,0,0,0,0,0,0,0,733560700,0,0,0,0,0,0,0,0,0,0
Clostridium disporicum,Species,Bacteria,,Firmicutes,Clostridia,Clostridiales,Clostridiaceae,Clostridium,Clostridium disporicum,0,0,0,0,0,0,0,12423249300,0,12694000,0,0,0,25925500,0,0,0,0,442535000,50248000,0,0,913430900,147330000,106540000,202268000,0,0,0,0
Klebsiella oxytoca,Species,Bacteria,,Proteobacteria,Gammaproteobacteria,Enterobacterales,Enterobacteriaceae,Klebsiella,Klebsiella oxytoca,0,0,0,0,0,0,0,0,310595000,18425000,0,0,0,0,0,0,0,0,0,0,0,0,0,0,0,0,0,92910800,0,0
Deltaproteobacteria,Class,Bacteria,,Proteobacteria,Deltaproteobacteria,,,,,0,0,0,0,0,0,0,108930000,2208300,0,0,0,0,0,87088000,0,0,0,32954000,7979800,0,32559000,0,0,0,0,0,0,0,0
Dorea formicigenerans,Species,Bacteria,,Firmicutes,Clostridia,Clostridiales,Lachnospiraceae,Dorea,Dorea formicigenerans,0,0,0,0,0,0,0,0,0,2105278200,0,0,0,483080000,0,0,0,0,0,2229700,0,563523400,0,0,0,0,329000000,0,0,0
[Clostridium] hylemonae,Species,Bacteria,,Firmicutes,Clostridia,Clostridiales,Lachnospiraceae,Lachnoclostridium,[Clostridium] hylemonae,0,0,0,0,0,0,0,0,0,442172000,0,0,332340000,541137000,0,0,0,0,0,0,0,77351000,0,0,0,0,928850000,0,28317000,36003000
Eubacterium ventriosum,Species,Bacteria,,Firmicutes,Clostridia,Clostridiales,Eubacteriaceae,Eubacterium,Eubacterium ventriosum,0,0,0,0,0,0,0,37724000,0,1797200,0,0,0,0,0,0,0,0,26921000,336322100,81897000,70647000,0,0,0,0,0,0,0,0
Nematoda,Phylum,Eukaryota,Metazoa,Nematoda,,,,,,0,0,0,0,0,0,0,99956000,91273050,370050000,0,0,0,0,0,0,0,0,0,51277000,181415000,30356000,0,0,0,0,0,0,0,0
Sutterella wadsworthensis,Species,Bacteria,,Proteobacteria,Betaproteobacteria,Burkholderiales,Sutterellaceae,Sutterella,Sutterella wadsworthensis,0,0,0,0,0,0,0,0,0,2073541200,6119651000,7833232300,12179070000,9709138600,0,0,0,0,0,0,0,0,0,0,0,0,0,0,0,0
Fusicatenibacter,Genus,Bacteria,,Firmicutes,Clostridia,Clostridiales,Lachnospiraceae,Fusicatenibacter,,0,0,0,0,0,0,12779000,0,0,192049000,0,0,0,0,0,0,0,0,0,0,0,0,0,0,0,0,0,0,0,0
Acidaminococcaceae,Family,Bacteria,,Firmicutes,Negativicutes,Acidaminococcales,Acidaminococcaceae,,,0,0,0,0,0,0,0,0,0,22493758700,0,39905000,2202706900,0,0,0,0,0,0,0,0,45701000,0,0,0,0,0,0,0,0
Campylobacteraceae,Family,Bacteria,,Proteobacteria,Epsilonproteobacteria,Campylobacterales,Campylobacteraceae,,,0,0,0,0,0,0,9650300,44307000,0,48699000,0,0,0,0,0,0,0,0,0,0,0,0,0,0,0,0,0,0,0,0
Bifidobacterium adolescentis,Species,Bacteria,,Actinobacteria,Actinobacteria,Bifidobacteriales,Bifidobacteriaceae,Bifidobacterium,Bifidobacterium adolescentis,0,0,0,0,0,0,58050000,151270000,0,0,14688548100,40532807400,97634066700,164467000,0,0,0,0,24630261780,0,84415000,10916000,0,0,0,0,57604000,0,0,22686000
Bifidobacterium catenulatum,Species,Bacteria,,Actinobacteria,Actinobacteria,Bifidobacteriales,Bifidobacteriaceae,Bifidobacterium,Bifidobacterium catenulatum,0,0,0,0,0,0,0,1142090300,0,0,391757000,93862000,622518000,808669000,0,0,0,0,0,0,0,0,0,0,0,0,0,0,0,0
Succinatimonas,Genus,Bacteria,,Proteobacteria,Gammaproteobacteria,Aeromonadales,Succinivibrionaceae,Succinatimonas,,0,0,0,0,0,0,0,253510000,164410000,658355000,265560000,703781000,1331258000,958080000,0,0,0,0,0,25762900,968951000,328218000,0,0,0,0,0,37551000,0,26867000
[Clostridium] spiroforme,Species,Bacteria,,Firmicutes,Erysipelotrichia,Erysipelotrichales,Erysipelotrichaceae,Erysipelatoclostridium,[Clostridium] spiroforme,0,0,0,0,0,0,0,0,0,70027000,0,0,0,0,0,0,0,0,0,0,0,0,0,0,0,0,0,0,0,0
Tissierellia,Class,Bacteria,,Firmicutes,Tissierellia,,,,,0,0,0,0,0,0,0,4387800,68834000,0,0,0,26930000,123550000,0,0,0,0,0,750682500,14717000,0,0,0,0,0,0,0,0,0
Tissierellales,Order,Bacteria,,Firmicutes,Tissierellia,Tissierellales,,,,0,0,0,0,0,0,0,4387800,68834000,0,0,0,26930000,123550000,0,0,0,0,0,741858900,14717000,0,0,0,0,0,0,0,0,0
Intestinibacter bartlettii,Species,Bacteria,,Firmicutes,Clostridia,Clostridiales,Peptostreptococcaceae,Intestinibacter,Intestinibacter bartlettii,0,0,0,0,0,0,25482000,0,0,173943000,0,0,0,1464090900,0,0,0,0,0,0,0,0,0,0,0,0,642178000,0,0,105221580
Tyzzerella nexilis,Species,Bacteria,,Firmicutes,Clostridia,Clostridiales,Lachnospiraceae,Tyzzerella,Tyzzerella nexilis,0,0,0,0,0,0,0,0,12008700,9289645900,0,0,0,0,0,0,0,0,5659600,133537600,18497000,93805000,0,0,0,0,0,0,0,0
Clostridium sp. 7_2_43FAA,Species,Bacteria,,Firmicutes,Clostridia,Clostridiales,Clostridiaceae,Clostridium,Clostridium sp. 7_2_43FAA,0,0,0,0,0,0,0,207664900,0,0,0,0,0,0,0,339974200,0,0,0,0,0,0,0,0,0,0,0,0,0,0
Clostridium paraputrificum,Species,Bacteria,,Firmicutes,Clostridia,Clostridiales,Clostridiaceae,Clostridium,Clostridium paraputrificum,0,0,0,0,0,0,0,477683000,0,0,0,0,58877000,1828954800,0,650395400,288415100,0,11047000,1528493000,19720800,112849600,8845200,906583100,0,39579000,0,0,0,115053000
Erysipelotrichia,Class,Bacteria,,Firmicutes,Erysipelotrichia,,,,,0,0,0,0,0,0,0,490159100,0,238070000,90959000,165810000,3123238500,12081190500,0,0,0,0,0,0,1826077200,226902700,0,0,0,0,43893500,0,0,80832000
Erysipelotrichales,Order,Bacteria,,Firmicutes,Erysipelotrichia,Erysipelotrichales,,,,0,0,0,0,0,0,0,490159100,0,238070000,90959000,165810000,3123238500,12081190500,0,0,0,0,0,0,1826077200,226902700,0,0,0,0,43893500,0,0,80832000
Plesiomonas,Genus,Bacteria,,Proteobacteria,Gammaproteobacteria,Enterobacterales,,Plesiomonas,,0,0,0,0,0,0,0,0,156053200,0,0,0,0,0,0,0,0,0,0,0,0,0,0,0,0,307310000,0,420179000,0,0
Plesiomonas shigelloides,Species,Bacteria,,Proteobacteria,Gammaproteobacteria,Enterobacterales,,Plesiomonas,Plesiomonas shigelloides,0,0,0,0,0,0,0,0,156053200,0,0,0,0,0,0,0,0,0,0,0,0,0,0,0,0,307310000,0,420179000,0,0
Blautia hydrogenotrophica,Species,Bacteria,,Firmicutes,Clostridia,Clostridiales,Lachnospiraceae,Blautia,Blautia hydrogenotrophica,0,0,0,0,0,0,0,12360000,116553200,260100000,0,0,0,0,0,0,0,0,0,112109000,664884000,0,0,0,0,0,0,0,0,0
Pasteurellaceae,Family,Bacteria,,Proteobacteria,Gammaproteobacteria,Pasteurellales,Pasteurellaceae,,,0,0,0,0,0,0,0,0,96082600,57411000,0,135370000,785417000,37581000,0,65798000,0,0,25370000,41636300,273455000,212722900,0,0,9580100,34999000,0,0,0,356890700
Tenericutes,Phylum,Bacteria,,Tenericutes,,,,,,0,0,0,0,0,0,0,282590000,344960000,0,0,0,0,0,0,0,0,0,0,0,0,0,0,0,0,0,0,0,0,0
Haemophilus,Genus,Bacteria,,Proteobacteria,Gammaproteobacteria,Pasteurellales,Pasteurellaceae,Haemophilus,,0,0,0,0,0,0,0,0,7421600,24627000,0,0,685417000,37581000,0,0,0,0,0,0,115239000,165836900,0,0,0,0,0,0,0,283440000
Lachnospiraceae bacterium 1_4_56FAA,Species,Bacteria,,Firmicutes,Clostridia,Clostridiales,Lachnospiraceae,,Lachnospiraceae bacterium 1_4_56FAA,0,0,0,0,0,0,0,0,0,148128200,0,0,307401000,22182000,0,0,0,0,0,0,0,0,0,0,0,0,0,0,0,0
Paenibacillus,Genus,Bacteria,,Firmicutes,Bacilli,Bacillales,Paenibacillaceae,Paenibacillus,,0,0,0,0,0,0,0,18153000,0,172740000,0,0,0,0,0,0,0,0,0,0,0,0,0,0,0,0,0,0,0,0
Haemophilus parainfluenzae,Species,Bacteria,,Proteobacteria,Gammaproteobacteria,Pasteurellales,Pasteurellaceae,Haemophilus,Haemophilus parainfluenzae,0,0,0,0,0,0,0,0,7421600,24627000,0,0,0,0,0,0,0,0,0,0,61712000,44844900,0,0,0,0,0,0,0,76227000
Leuconostoc,Genus,Bacteria,,Firmicutes,Bacilli,Lactobacillales,Leuconostocaceae,Leuconostoc,,0,0,0,0,0,0,0,111810000,0,488724000,0,0,0,0,0,0,0,0,0,0,0,0,0,0,0,0,0,0,0,0
Mollicutes,Class,Bacteria,,Tenericutes,Mollicutes,,,,,0,0,0,0,0,0,0,282590000,344960000,0,0,0,0,0,0,0,0,0,0,0,0,0,0,0,0,0,0,0,0,0
Lachnoclostridium,Genus,Bacteria,,Firmicutes,Clostridia,Clostridiales,Lachnospiraceae,Lachnoclostridium,,0,0,0,0,0,0,0,0,0,1016585000,0,89278000,349576000,640007000,0,50296300,0,0,0,514545000,612606000,206193000,0,0,0,0,934634600,0,28317000,36003000
Ruminococcus albus,Species,Bacteria,,Firmicutes,Clostridia,Clostridiales,Ruminococcaceae,Ruminococcus,Ruminococcus albus,0,0,0,0,0,0,0,0,0,182229000,0,0,0,0,0,0,0,0,0,0,0,0,0,0,0,0,0,0,0,41077000
Succinatimonas hippei,Species,Bacteria,,Proteobacteria,Gammaproteobacteria,Aeromonadales,Succinivibrionaceae,Succinatimonas,Succinatimonas hippei,0,0,0,0,0,0,0,253510000,53190000,637772000,265560000,703781000,1293460000,958080000,0,0,0,0,0,7245900,901110000,304350000,0,0,0,0,0,0,0,0
Collinsella stercoris,Species,Bacteria,,Actinobacteria,Coriobacteriia,Coriobacteriales,Coriobacteriaceae,Collinsella,Collinsella stercoris,0,0,0,0,0,0,0,197080000,0,8434300,0,0,0,0,0,0,0,0,0,0,0,0,0,0,0,0,0,0,0,0
Tyzzerella,Genus,Bacteria,,Firmicutes,Clostridia,Clostridiales,Lachnospiraceae,Tyzzerella,,0,0,0,0,0,0,0,0,12008700,9289645900,0,0,0,0,0,0,0,0,5659600,133537600,18497000,93805000,0,0,0,0,0,0,0,0
Streptococcus oralis,Species,Bacteria,,Firmicutes,Bacilli,Lactobacillales,Streptococcaceae,Streptococcus,Streptococcus oralis,0,0,0,0,0,0,0,302270000,0,0,0,0,0,0,0,0,0,0,0,0,0,0,0,0,0,0,0,0,0,0
Streptococcus infantarius,Species,Bacteria,,Firmicutes,Bacilli,Lactobacillales,Streptococcaceae,Streptococcus,Streptococcus infantarius,0,0,0,0,0,0,0,18545000,340385000,38327000,0,0,0,0,0,0,0,0,0,0,0,0,0,0,0,0,141150000,0,238376000,100568000
Anaerofustis,Genus,Bacteria,,Firmicutes,Clostridia,Clostridiales,Eubacteriaceae,Anaerofustis,,0,0,0,0,0,0,0,53316000,0,40894000,0,0,0,0,0,0,0,0,0,1972745000,339760000,70330000,0,0,0,0,0,0,0,0
Atopobiaceae,Family,Bacteria,,Actinobacteria,Coriobacteriia,Coriobacteriales,Atopobiaceae,,,0,0,0,0,0,0,0,0,0,156598000,0,0,0,0,0,0,0,0,0,0,24720000,21347000,0,0,0,0,0,0,0,0
Bacteroides fragilis,Species,Bacteria,,Bacteroidetes,Bacteroidia,Bacteroidales,Bacteroidaceae,Bacteroides,Bacteroides fragilis,0,0,0,0,0,0,0,826678000,0,123770000,0,0,0,0,0,0,0,0,0,0,0,0,0,0,0,0,0,0,0,0
Succinivibrionaceae,Family,Bacteria,,Proteobacteria,Gammaproteobacteria,Aeromonadales,Succinivibrionaceae,,,0,0,0,0,0,0,0,253510000,164410000,658355000,265560000,703781000,1331258000,958080000,0,0,0,0,0,25762900,968951000,328218000,0,0,0,0,0,37551000,0,26867000
Bacteroides thetaiotaomicron,Species,Bacteria,,Bacteroidetes,Bacteroidia,Bacteroidales,Bacteroidaceae,Bacteroides,Bacteroides thetaiotaomicron,0,0,0,0,0,0,0,0,0,28261800,218346000,1752465000,414563000,0,0,0,0,0,0,0,0,0,0,0,0,0,0,0,0,0
Bacteroides vulgatus,Species,Bacteria,,Bacteroidetes,Bacteroidia,Bacteroidales,Bacteroidaceae,Bacteroides,Bacteroides vulgatus,0,0,0,0,0,0,0,0,0,924466000,757795700,166559000,35838000,0,112550000,16780000,0,0,0,0,0,0,0,0,0,0,40504000,0,22094000,497494000
Erysipelotrichaceae,Family,Bacteria,,Firmicutes,Erysipelotrichia,Erysipelotrichales,Erysipelotrichaceae,,,0,0,0,0,0,0,0,490159100,0,238070000,90959000,165810000,3123238500,12081190500,0,0,0,0,0,0,1826077200,226902700,0,0,0,0,43893500,0,0,80832000
Acidaminococcales,Order,Bacteria,,Firmicutes,Negativicutes,Acidaminococcales,,,,0,0,0,0,0,0,0,0,0,22493758700,0,39905000,2202706900,0,0,0,0,0,0,0,0,45701000,0,0,0,0,0,0,0,0
Anaerofustis stercorihominis,Species,Bacteria,,Firmicutes,Clostridia,Clostridiales,Eubacteriaceae,Anaerofustis,Anaerofustis stercorihominis,0,0,0,0,0,0,0,53316000,0,40894000,0,0,0,0,0,0,0,0,0,1972745000,339760000,70330000,0,0,0,0,0,0,0,0
Collinsella sp. 4_8_47FAA,Species,Bacteria,,Actinobacteria,Coriobacteriia,Coriobacteriales,Coriobacteriaceae,Collinsella,Collinsella sp. 4_8_47FAA,0,0,0,0,0,0,0,0,0,166354000,0,0,0,0,0,0,0,0,0,0,0,0,0,0,0,0,0,0,0,0
Fusicatenibacter saccharivorans,Species,Bacteria,,Firmicutes,Clostridia,Clostridiales,Lachnospiraceae,Fusicatenibacter,Fusicatenibacter saccharivorans,0,0,0,0,0,0,12779000,0,0,192049000,0,0,0,0,0,0,0,0,0,0,0,0,0,0,0,0,0,0,0,0
Lactococcus,Genus,Bacteria,,Firmicutes,Bacilli,Lactobacillales,Streptococcaceae,Lactococcus,,0,0,0,0,0,0,0,0,178020700,8740997700,0,0,0,25031000,0,0,0,0,0,0,0,0,39958000,74990600,65919700,60204000,0,118072000,198424000,39081000
Lactococcus lactis,Species,Bacteria,,Firmicutes,Bacilli,Lactobacillales,Streptococcaceae,Lactococcus,Lactococcus lactis,0,0,0,0,0,0,0,0,178020700,6358026100,0,0,0,25031000,0,0,0,0,0,0,0,0,0,0,0,0,0,89234000,169782000,0
Campylobacterales,Order,Bacteria,,Proteobacteria,Epsilonproteobacteria,Campylobacterales,,,,0,0,0,0,0,0,9650300,44307000,0,48699000,0,0,0,0,0,0,0,0,0,197375000,27969000,0,0,0,0,0,130210000,0,22418000,9553400
Veillonella atypica,Species,Bacteria,,Firmicutes,Negativicutes,Veillonellales,Veillonellaceae,Veillonella,Veillonella atypica,0,0,0,0,0,0,0,269363100,0,0,0,0,64681400,0,0,0,0,0,33368000,0,714550,10751000,0,39454900,0,0,0,0,0,0
Veillonella dispar,Species,Bacteria,,Firmicutes,Negativicutes,Veillonellales,Veillonellaceae,Veillonella,Veillonella dispar,0,0,0,0,0,0,0,345121000,0,0,0,0,5473000,22523000,0,0,0,0,149489700,0,82696000,55138600,0,0,19620700,4606700,0,0,0,160875200
Erysipelatoclostridium,Genus,Bacteria,,Firmicutes,Erysipelotrichia,Erysipelotrichales,Erysipelotrichaceae,Erysipelatoclostridium,,0,0,0,0,0,0,0,0,0,70027000,0,0,35809000,737611000,0,0,0,0,0,0,0,0,0,0,0,0,0,0,0,0
Epsilonproteobacteria,Class,Bacteria,,Proteobacteria,Epsilonproteobacteria,,,,,0,0,0,0,0,0,9650300,44307000,0,48699000,0,0,0,0,0,0,0,0,0,197375000,27969000,0,0,0,0,0,130210000,0,22418000,9553400
Firmicutes bacterium ASF500,Species,Bacteria,,Firmicutes,,,,,Firmicutes bacterium ASF500,0,0,0,0,0,0,0,0,12249000,55874000,0,0,0,0,0,0,0,0,0,0,0,0,0,0,0,0,0,0,0,0
Sutterella sp. KLE1602,Species,Bacteria,,Proteobacteria,Betaproteobacteria,Burkholderiales,Sutterellaceae,Sutterella,Sutterella sp. KLE1602,0,0,0,0,0,0,0,0,0,184426000,0,0,0,0,0,0,0,0,0,0,0,0,0,0,0,0,0,0,0,0
Intestinibacter,Genus,Bacteria,,Firmicutes,Clostridia,Clostridiales,Peptostreptococcaceae,Intestinibacter,,0,0,0,0,0,0,25482000,0,0,173943000,0,0,0,1464090900,0,0,0,0,0,0,0,0,0,0,0,0,642178000,0,0,105221580
Bifidobacterium animalis,Species,Bacteria,,Actinobacteria,Actinobacteria,Bifidobacteriales,Bifidobacteriaceae,Bifidobacterium,Bifidobacterium animalis,0,0,0,0,0,0,10543000,2226496920,0,0,0,216738000,115668000,0,53715000,0,180390000,0,3083909200,13442958740,0,32287000,0,0,0,0,0,0,0,0
Acidaminococcus,Genus,Bacteria,,Firmicutes,Negativicutes,Acidaminococcales,Acidaminococcaceae,Acidaminococcus,,0,0,0,0,0,0,0,0,0,22462932700,0,39905000,2202706900,0,0,0,0,0,0,0,0,0,0,0,0,0,0,0,0,0
Bacteroides dorei,Species,Bacteria,,Bacteroidetes,Bacteroidia,Bacteroidales,Bacteroidaceae,Bacteroides,Bacteroides dorei,0,0,0,0,0,0,0,0,0,2299803500,0,0,0,0,0,0,0,0,0,0,0,0,0,0,0,0,0,0,0,0
Anaerotruncus,Genus,Bacteria,,Firmicutes,Clostridia,Clostridiales,Ruminococcaceae,Anaerotruncus,,0,0,0,0,0,0,0,0,14505600,0,0,0,0,0,0,0,0,0,0,0,0,0,0,0,0,0,0,0,0,0
Bacteroides stercoris,Species,Bacteria,,Bacteroidetes,Bacteroidia,Bacteroidales,Bacteroidaceae,Bacteroides,Bacteroides stercoris,0,0,0,0,0,0,0,0,0,2081044400,0,0,0,0,0,0,0,0,0,0,0,0,0,0,0,0,0,0,0,0
Leuconostocaceae,Family,Bacteria,,Firmicutes,Bacilli,Lactobacillales,Leuconostocaceae,,,0,0,0,0,0,0,0,111810000,0,501622000,0,0,0,0,0,0,0,0,0,0,0,0,0,0,0,0,0,0,0,0
Acidaminococcus intestini,Species,Bacteria,,Firmicutes,Negativicutes,Acidaminococcales,Acidaminococcaceae,Acidaminococcus,Acidaminococcus intestini,0,0,0,0,0,0,0,0,0,3175798000,0,0,1093107000,0,0,0,0,0,0,0,0,0,0,0,0,0,0,0,0,0
Flavonifractor plautii,Species,Bacteria,,Firmicutes,Clostridia,Clostridiales,Ruminococcaceae,Flavonifractor,Flavonifractor plautii,0,0,0,0,0,0,0,0,0,1586788000,0,0,0,0,0,0,0,0,0,0,446743000,853410600,0,0,0,0,0,0,0,78003500
Paenibacillaceae,Family,Bacteria,,Firmicutes,Bacilli,Bacillales,Paenibacillaceae,,,0,0,0,0,0,0,0,18153000,0,172740000,0,0,0,0,0,0,0,0,0,0,0,0,0,0,0,0,0,0,0,0
Blautia wexlerae,Species,Bacteria,,Firmicutes,Clostridia,Clostridiales,Lachnospiraceae,Blautia,Blautia wexlerae,0,0,0,0,0,0,0,0,0,93338600,0,0,0,0,0,0,0,0,0,0,2362054000,0,0,0,0,0,0,0,0,0
Aeromonadales,Order,Bacteria,,Proteobacteria,Gammaproteobacteria,Aeromonadales,,,,0,0,0,0,0,0,0,253510000,164410000,658355000,265560000,703781000,1331258000,958080000,0,0,0,0,0,25762900,968951000,328218000,0,0,0,0,0,37551000,0,26867000
Pasteurellales,Order,Bacteria,,Proteobacteria,Gammaproteobacteria,Pasteurellales,,,,0,0,0,0,0,0,0,0,96082600,57411000,0,135370000,785417000,37581000,0,65798000,0,0,25370000,41636300,273455000,212722900,0,0,9580100,34999000,0,0,0,356890700
Carnobacteriaceae,Family,Bacteria,,Firmicutes,Bacilli,Lactobacillales,Carnobacteriaceae,,,0,0,0,0,0,0,0,0,134968000,0,0,0,0,0,0,0,0,0,0,0,0,0,0,0,0,0,0,0,0,0
Bacteroides eggerthii,Species,Bacteria,,Bacteroidetes,Bacteroidia,Bacteroidales,Bacteroidaceae,Bacteroides,Bacteroides eggerthii,0,0,0,0,0,0,0,0,0,378063500,0,0,0,0,0,0,0,0,0,0,0,0,0,0,0,0,0,0,0,0
Streptococcus australis,Species,Bacteria,,Firmicutes,Bacilli,Lactobacillales,Streptococcaceae,Streptococcus,Streptococcus australis,0,0,0,0,0,0,0,0,305910000,0,0,0,0,0,0,0,0,0,0,0,0,0,0,0,0,0,0,0,0,0
Clostridium botulinum,Species,Bacteria,,Firmicutes,Clostridia,Clostridiales,Clostridiaceae,Clostridium,Clostridium botulinum,0,0,0,0,0,0,0,185275000,0,0,0,0,0,0,0,0,0,0,0,0,0,0,0,0,0,0,0,0,0,0
Clostridium celatum,Species,Bacteria,,Firmicutes,Clostridia,Clostridiales,Clostridiaceae,Clostridium,Clostridium celatum,0,0,0,0,0,0,0,1754900700,0,0,0,0,0,0,0,0,0,0,97023000,3473200,0,0,0,0,0,0,0,0,0,0
Actinomycetales,Order,Bacteria,,Actinobacteria,Actinobacteria,Actinomycetales,,,,0,0,0,0,0,0,0,17134000,0,30883000,7306987000,13641903000,7353453000,2362970000,0,1921800000,0,8772900,30076000,0,0,1893823000,0,0,0,0,406250000,0,60541000,2391600
Veillonella sp. DORA_B_18_19_23,Species,Bacteria,,Firmicutes,Negativicutes,Veillonellales,Veillonellaceae,Veillonella,Veillonella sp. DORA_B_18_19_23,0,0,0,0,0,0,0,0,0,0,0,0,0,73223000,0,0,0,0,0,0,0,0,0,0,0,0,0,0,0,0
Bacteroides coprophilus,Species,Bacteria,,Bacteroidetes,Bacteroidia,Bacteroidales,Bacteroidaceae,Bacteroides,Bacteroides coprophilus,0,0,0,0,0,0,0,0,0,0,0,60232000,273514000,0,0,0,0,0,0,0,0,0,0,0,0,0,0,0,0,0
Rikenellaceae,Family,Bacteria,,Bacteroidetes,Bacteroidia,Bacteroidales,Rikenellaceae,,,0,0,0,0,0,0,0,0,0,0,28358000,387040000,725418000,590100000,0,0,0,0,0,298278000,1663640000,595430000,0,0,0,0,0,0,0,0
Bacteroides plebeius,Species,Bacteria,,Bacteroidetes,Bacteroidia,Bacteroidales,Bacteroidaceae,Bacteroides,Bacteroides plebeius,0,0,0,0,0,0,0,0,0,0,0,183940000,0,0,0,0,0,0,0,0,0,0,0,0,0,0,0,0,0,0
Porphyromonadaceae,Family,Bacteria,,Bacteroidetes,Bacteroidia,Bacteroidales,Porphyromonadaceae,,,0,0,0,0,0,0,0,0,0,0,64165000,214150000,0,299190000,0,0,0,0,0,0,0,0,0,0,0,0,0,0,0,0
Bacteroides coprocola,Species,Bacteria,,Bacteroidetes,Bacteroidia,Bacteroidales,Bacteroidaceae,Bacteroides,Bacteroides coprocola,0,0,0,0,0,0,0,0,0,0,60861000,0,0,0,0,0,0,0,0,0,0,0,0,0,0,0,0,0,0,0
Bacteroides caccae,Species,Bacteria,,Bacteroidetes,Bacteroidia,Bacteroidales,Bacteroidaceae,Bacteroides,Bacteroides caccae,0,0,0,0,0,0,0,0,0,0,45966000,324190000,129574000,0,0,0,0,0,0,0,0,0,0,0,0,0,0,0,0,0
Bifidobacterium scardovii,Species,Bacteria,,Actinobacteria,Actinobacteria,Bifidobacteriales,Bifidobacteriaceae,Bifidobacterium,Bifidobacterium scardovii,0,0,0,0,0,0,0,0,0,0,254449000,201330000,224671000,255699000,5075900,5528600,10008036800,3631300,0,0,0,0,0,0,0,0,0,0,44371000,80162000
Clostridiales Family XIII. Incertae Sedis,Family,Bacteria,,Firmicutes,Clostridia,Clostridiales,Clostridiales Family XIII. Incertae Sedis,,,0,0,0,0,0,0,0,0,0,0,0,0,0,52802000,0,0,0,0,134770000,0,0,0,0,0,0,0,0,0,0,0
Haemophilus sp. CCUG 60358,Species,Bacteria,,Proteobacteria,Gammaproteobacteria,Pasteurellales,Pasteurellaceae,Haemophilus,Haemophilus sp. CCUG 60358,0,0,0,0,0,0,0,0,0,0,0,0,208585000,0,0,0,0,0,0,0,0,0,0,0,0,0,0,0,0,57294000
Actinomyces,Genus,Bacteria,,Actinobacteria,Actinobacteria,Actinomycetales,Actinomycetaceae,Actinomyces,,0,0,0,0,0,0,0,0,0,0,7306987000,13641903000,7353453000,2362970000,0,1921800000,0,8772900,30076000,0,0,1893823000,0,0,0,0,406250000,0,60541000,2391600
Bacteroides intestinalis,Species,Bacteria,,Bacteroidetes,Bacteroidia,Bacteroidales,Bacteroidaceae,Bacteroides,Bacteroides intestinalis,0,0,0,0,0,0,0,0,0,0,5413800,522520000,394800000,0,0,0,0,0,0,0,0,0,0,0,0,0,0,0,0,0
Alistipes,Genus,Bacteria,,Bacteroidetes,Bacteroidia,Bacteroidales,Rikenellaceae,Alistipes,,0,0,0,0,0,0,0,0,0,0,28358000,387040000,725418000,590100000,0,0,0,0,0,298278000,1663640000,595430000,0,0,0,0,0,0,0,0
Eggerthella,Genus,Bacteria,,Actinobacteria,Coriobacteriia,Eggerthellales,Eggerthellaceae,Eggerthella,,0,0,0,0,0,0,0,0,0,0,0,0,1068787000,0,0,0,0,0,0,0,0,0,0,0,0,0,0,0,0,0
Fungi,Kingdom,Eukaryota,Fungi,,,,,,,0,0,0,0,0,0,0,0,0,0,191050000,1883000000,0,33226000,0,0,0,0,14063000,0,143670000,42919000,0,0,0,0,0,0,0,0
Eggerthella lenta,Species,Bacteria,,Actinobacteria,Coriobacteriia,Eggerthellales,Eggerthellaceae,Eggerthella,Eggerthella lenta,0,0,0,0,0,0,0,0,0,0,0,0,242748000,0,0,0,0,0,0,0,0,0,0,0,0,0,0,0,0,0
Bifidobacterium angulatum,Species,Bacteria,,Actinobacteria,Actinobacteria,Bifidobacteriales,Bifidobacteriaceae,Bifidobacterium,Bifidobacterium angulatum,0,0,0,0,0,0,0,0,0,0,3922657000,1279066000,111578000,0,0,0,0,0,53070000,0,0,0,12966000,0,0,29672000,0,0,46219000,130855000
Bifidobacterium reuteri,Species,Bacteria,,Actinobacteria,Actinobacteria,Bifidobacteriales,Bifidobacteriaceae,Bifidobacterium,Bifidobacterium reuteri,0,0,0,0,0,0,0,0,0,0,0,0,0,179200000,0,0,0,0,0,0,0,0,0,0,0,0,0,0,0,0
Enterococcus avium,Species,Bacteria,,Firmicutes,Bacilli,Lactobacillales,Enterococcaceae,Enterococcus,Enterococcus avium,0,0,0,0,0,0,0,0,0,0,0,0,0,564170000,0,0,0,0,0,0,0,0,0,0,0,0,0,0,0,0
Cellulosilyticum lentocellum,Species,Bacteria,,Firmicutes,Clostridia,Clostridiales,Lachnospiraceae,Cellulosilyticum,Cellulosilyticum lentocellum,0,0,0,0,0,0,0,0,0,0,0,0,0,1034676000,0,0,0,0,0,0,0,0,0,0,0,0,0,0,0,0
Erysipelotrichaceae bacterium 3_1_53,Species,Bacteria,,Firmicutes,Erysipelotrichia,Erysipelotrichales,Erysipelotrichaceae,,Erysipelotrichaceae bacterium 3_1_53,0,0,0,0,0,0,0,0,0,0,0,0,2976793500,10844662500,0,0,0,0,0,0,0,0,0,0,0,0,0,0,0,0
Ascomycota,Phylum,Eukaryota,Fungi,Ascomycota,,,,,,0,0,0,0,0,0,0,0,0,0,191050000,1883000000,0,33226000,0,0,0,0,0,0,0,0,0,0,0,0,0,0,0,0
Eggerthellaceae,Family,Bacteria,,Actinobacteria,Coriobacteriia,Eggerthellales,Eggerthellaceae,,,0,0,0,0,0,0,0,0,0,0,399800000,51479000,1188007000,180008000,0,0,0,0,0,0,19877000,0,0,0,0,0,0,0,0,0
Eggerthellales,Order,Bacteria,,Actinobacteria,Coriobacteriia,Eggerthellales,,,,0,0,0,0,0,0,0,0,0,0,399800000,51479000,1188007000,180008000,0,0,0,0,0,0,19877000,0,0,0,0,0,0,0,0,0
Butyrivibrio,Genus,Bacteria,,Firmicutes,Clostridia,Clostridiales,Lachnospiraceae,Butyrivibrio,,0,0,0,0,0,0,0,0,0,0,0,216140000,201547000,1210493000,0,0,0,0,0,11198000,0,84204000,0,0,0,0,0,0,0,0
Terrisporobacter othiniensis,Species,Bacteria,,Firmicutes,Clostridia,Clostridiales,Peptostreptococcaceae,Terrisporobacter,Terrisporobacter othiniensis,0,0,0,0,0,0,0,0,0,0,0,0,0,102254600,0,0,0,0,0,0,0,0,0,204336000,0,0,0,0,0,0
Bifidobacterium thermacidophilum,Species,Bacteria,,Actinobacteria,Actinobacteria,Bifidobacteriales,Bifidobacteriaceae,Bifidobacterium,Bifidobacterium thermacidophilum,0,0,0,0,0,0,0,0,0,0,3195200000,0,1378700000,460010000,0,0,0,0,0,0,0,0,0,0,0,0,0,0,0,0
Terrisporobacter,Genus,Bacteria,,Firmicutes,Clostridia,Clostridiales,Peptostreptococcaceae,Terrisporobacter,,0,0,0,0,0,0,0,0,0,0,0,0,0,102254600,0,0,0,0,0,0,0,0,0,204336000,0,0,0,0,0,0
Cellulosilyticum,Genus,Bacteria,,Firmicutes,Clostridia,Clostridiales,Lachnospiraceae,Cellulosilyticum,,0,0,0,0,0,0,0,0,0,0,0,0,0,1034676000,0,0,0,0,0,0,0,0,0,0,0,0,0,0,0,0
Parabacteroides merdae,Species,Bacteria,,Bacteroidetes,Bacteroidia,Bacteroidales,Tannerellaceae,Parabacteroides,Parabacteroides merdae,0,0,0,0,0,0,0,0,0,0,0,0,575918000,0,0,0,0,0,0,0,0,0,0,0,0,0,0,0,0,0
Spirochaetes,Phylum,Bacteria,,Spirochaetes,,,,,,0,0,0,0,0,0,0,0,0,0,0,62469000,0,22942000,0,0,0,0,0,0,0,0,0,0,0,0,0,0,0,0
Spirochaetia,Class,Bacteria,,Spirochaetes,Spirochaetia,,,,,0,0,0,0,0,0,0,0,0,0,0,62469000,0,22942000,0,0,0,0,0,0,0,0,0,0,0,0,0,0,0,0
Bacteroides ovatus,Species,Bacteria,,Bacteroidetes,Bacteroidia,Bacteroidales,Bacteroidaceae,Bacteroides,Bacteroides ovatus,0,0,0,0,0,0,0,0,0,0,35200000,0,43214000,0,0,0,0,0,0,0,0,0,0,0,0,0,0,0,0,0
Enterococcus cecorum,Species,Bacteria,,Firmicutes,Bacilli,Lactobacillales,Enterococcaceae,Enterococcus,Enterococcus cecorum,0,0,0,0,0,0,0,0,0,0,0,0,0,835627000,0,0,0,0,0,0,0,0,0,0,0,0,0,0,0,0
Eggerthella sp. HGA1,Species,Bacteria,,Actinobacteria,Coriobacteriia,Eggerthellales,Eggerthellaceae,Eggerthella,Eggerthella sp. HGA1,0,0,0,0,0,0,0,0,0,0,0,0,624170000,0,0,0,0,0,0,0,0,0,0,0,0,0,0,0,0,0
Morganellaceae,Family,Bacteria,,Proteobacteria,Gammaproteobacteria,Enterobacterales,Morganellaceae,,,0,0,0,0,0,0,0,0,0,0,0,0,0,0,0,10674700,80538000,0,0,0,268210800,42459000,0,70541000,0,83346000,83993000,32289000,0,0
Bacteroides uniformis,Species,Bacteria,,Bacteroidetes,Bacteroidia,Bacteroidales,Bacteroidaceae,Bacteroides,Bacteroides uniformis,0,0,0,0,0,0,0,0,0,0,0,0,0,0,176016700,0,0,0,0,0,0,0,0,0,0,0,0,0,0,0
Desulfovibrionaceae,Family,Bacteria,,Proteobacteria,Deltaproteobacteria,Desulfovibrionales,Desulfovibrionaceae,,,0,0,0,0,0,0,0,0,0,0,0,0,0,0,87088000,0,0,0,32954000,7979800,0,32559000,0,0,0,0,0,0,0,0
Desulfovibrionales,Order,Bacteria,,Proteobacteria,Deltaproteobacteria,Desulfovibrionales,,,,0,0,0,0,0,0,0,0,0,0,0,0,0,0,87088000,0,0,0,32954000,7979800,0,32559000,0,0,0,0,0,0,0,0
Lachnospira,Genus,Bacteria,,Firmicutes,Clostridia,Clostridiales,Lachnospiraceae,Lachnospira,,0,0,0,0,0,0,0,0,0,0,0,0,0,0,0,0,86753000,158121000,0,0,0,0,0,0,0,0,0,0,0,0
Lachnospira pectinoschiza,Species,Bacteria,,Firmicutes,Clostridia,Clostridiales,Lachnospiraceae,Lachnospira,Lachnospira pectinoschiza,0,0,0,0,0,0,0,0,0,0,0,0,0,0,0,0,86753000,158121000,0,0,0,0,0,0,0,0,0,0,0,0
Bilophila,Genus,Bacteria,,Proteobacteria,Deltaproteobacteria,Desulfovibrionales,Desulfovibrionaceae,Bilophila,,0,0,0,0,0,0,0,0,0,0,0,0,0,0,87088000,0,0,0,0,0,0,0,0,0,0,0,0,0,0,0
Ruminococcus bicirculans,Species,Bacteria,,Firmicutes,Clostridia,Clostridiales,Ruminococcaceae,Ruminococcus,Ruminococcus bicirculans,0,0,0,0,0,0,0,0,0,0,0,0,0,0,0,0,0,0,0,94062000,0,0,0,0,0,0,0,0,0,0
Blautia sp. YL58,Species,Bacteria,,Firmicutes,Clostridia,Clostridiales,Lachnospiraceae,Blautia,Blautia sp. YL58,0,0,0,0,0,0,0,0,0,0,0,0,0,0,0,0,0,0,0,622509000,20228000,58420000,0,0,0,0,98782000,0,0,0
Morganella,Genus,Bacteria,,Proteobacteria,Gammaproteobacteria,Enterobacterales,Morganellaceae,Morganella,,0,0,0,0,0,0,0,0,0,0,0,0,0,0,0,0,0,0,0,0,229756800,0,0,0,0,0,0,0,0,0
Roseburia intestinalis,Species,Bacteria,,Firmicutes,Clostridia,Clostridiales,Lachnospiraceae,Roseburia,Roseburia intestinalis,0,0,0,0,0,0,0,0,0,0,0,0,0,0,0,0,0,0,0,38761000,0,14051016400,0,0,0,0,0,0,0,0
Tissierellia bacterium S7-1-4,Species,Bacteria,,Firmicutes,Tissierellia,,,,Tissierellia bacterium S7-1-4,0,0,0,0,0,0,0,0,0,0,0,0,0,0,0,0,0,0,0,8823600,0,0,0,0,0,0,0,0,0,0
Megamonas,Genus,Bacteria,,Firmicutes,Negativicutes,Selenomonadales,Selenomonadaceae,Megamonas,,0,0,0,0,0,0,0,0,0,0,0,0,0,0,0,0,0,0,15518000,0,44699000,0,0,0,0,0,0,0,0,0
Hungateiclostridiaceae,Family,Bacteria,,Firmicutes,Clostridia,Clostridiales,Hungateiclostridiaceae,,,0,0,0,0,0,0,0,0,0,0,0,0,0,0,0,0,0,0,0,164370000,0,0,0,0,0,0,0,0,0,0
Streptophyta,Phylum,Eukaryota,Viridiplantae,Streptophyta,,,,,,0,0,0,0,0,0,0,0,0,0,0,0,0,0,0,0,0,0,61235000,0,12602000,12998000,0,95053000,41898000,133479000,0,0,0,15918000
Lachnospiraceae bacterium 6_1_63FAA,Species,Bacteria,,Firmicutes,Clostridia,Clostridiales,Lachnospiraceae,,Lachnospiraceae bacterium 6_1_63FAA,0,0,0,0,0,0,0,0,0,0,0,0,0,0,0,0,0,0,0,6899210000,46116700,0,0,0,0,0,0,0,0,0
Lachnospiraceae bacterium 3_1_57FAA_CT1,Species,Bacteria,,Firmicutes,Clostridia,Clostridiales,Lachnospiraceae,,Lachnospiraceae bacterium 3_1_57FAA_CT1,0,0,0,0,0,0,0,0,0,0,0,0,0,0,0,0,0,0,0,0,3334920000,0,0,0,0,0,11273000,0,0,79974000
Ruminococcus sp. 5_1_39BFAA,Species,Bacteria,,Firmicutes,Clostridia,Clostridiales,Ruminococcaceae,Ruminococcus,Ruminococcus sp. 5_1_39BFAA,0,0,0,0,0,0,0,0,0,0,0,0,0,0,0,0,0,0,0,0,1658605700,0,0,0,0,0,0,0,0,0
Ruminococcus champanellensis,Species,Bacteria,,Firmicutes,Clostridia,Clostridiales,Ruminococcaceae,Ruminococcus,Ruminococcus champanellensis,0,0,0,0,0,0,0,0,0,0,0,0,0,0,0,0,0,0,0,0,258108000,0,0,0,0,0,0,0,0,0
Hungateiclostridiaceae bacterium KB18,Species,Bacteria,,Firmicutes,Clostridia,Clostridiales,Hungateiclostridiaceae,,Hungateiclostridiaceae bacterium KB18,0,0,0,0,0,0,0,0,0,0,0,0,0,0,0,0,0,0,0,164370000,0,0,0,0,0,0,0,0,0,0
Thermotogae,Phylum,Bacteria,,Thermotogae,,,,,,0,0,0,0,0,0,0,0,0,0,0,0,0,0,0,0,0,0,0,0,187674200,0,0,0,0,0,0,0,0,0
Clostridium sp. (strain SY8519),Species,Bacteria,,Firmicutes,Clostridia,Clostridiales,Clostridiaceae,Clostridium,Clostridium sp. (strain SY8519),0,0,0,0,0,0,0,0,0,0,0,0,0,0,0,0,0,0,190657000,194981000,47873000,0,0,0,0,0,0,0,0,0
Anaerobium,Genus,Bacteria,,Firmicutes,Clostridia,Clostridiales,Lachnospiraceae,Anaerobium,,0,0,0,0,0,0,0,0,0,0,0,0,0,0,0,0,0,0,0,41567000,32717000,166840000,0,0,0,0,0,0,0,0
Anaerococcus vaginalis,Species,Bacteria,,Firmicutes,Tissierellia,Tissierellales,Peptoniphilaceae,Anaerococcus,Anaerococcus vaginalis,0,0,0,0,0,0,0,0,0,0,0,0,0,0,0,0,0,0,0,212494300,0,0,0,0,0,0,0,0,0,0
Robinsoniella sp. RHS,Species,Bacteria,,Firmicutes,Clostridia,Clostridiales,Lachnospiraceae,Robinsoniella,Robinsoniella sp. RHS,0,0,0,0,0,0,0,0,0,0,0,0,0,0,0,0,0,0,0,0,90224000,0,0,0,0,0,94952000,0,0,0
Veillonella parvula,Species,Bacteria,,Firmicutes,Negativicutes,Veillonellales,Veillonellaceae,Veillonella,Veillonella parvula,0,0,0,0,0,0,0,0,0,0,0,0,0,0,0,0,0,0,102730000,0,827020000,0,0,0,0,0,0,0,0,0
Clostridiales bacterium KLE1615,Species,Bacteria,,Firmicutes,Clostridia,Clostridiales,,,Clostridiales bacterium KLE1615,0,0,0,0,0,0,0,0,0,0,0,0,0,0,0,0,0,0,0,158559000,0,0,0,0,0,0,0,0,0,0
Blautia hansenii,Species,Bacteria,,Firmicutes,Clostridia,Clostridiales,Lachnospiraceae,Blautia,Blautia hansenii,0,0,0,0,0,0,0,0,0,0,0,0,0,0,0,0,0,0,0,6478020860,35870000,0,0,0,0,0,0,0,0,0
Chromadorea,Class,Eukaryota,Metazoa,Nematoda,Chromadorea,,,,,0,0,0,0,0,0,0,0,0,0,0,0,0,0,0,0,0,0,0,51277000,146980000,0,0,0,0,0,0,0,0,0
Robinsoniella,Genus,Bacteria,,Firmicutes,Clostridia,Clostridiales,Lachnospiraceae,Robinsoniella,,0,0,0,0,0,0,0,0,0,0,0,0,0,0,0,0,0,0,0,0,90224000,0,0,0,0,0,94952000,0,0,0
Anaerobium acetethylicum,Species,Bacteria,,Firmicutes,Clostridia,Clostridiales,Lachnospiraceae,Anaerobium,Anaerobium acetethylicum,0,0,0,0,0,0,0,0,0,0,0,0,0,0,0,0,0,0,0,41567000,32717000,166840000,0,0,0,0,0,0,0,0
Butyrivibrio fibrisolvens,Species,Bacteria,,Firmicutes,Clostridia,Clostridiales,Lachnospiraceae,Butyrivibrio,Butyrivibrio fibrisolvens,0,0,0,0,0,0,0,0,0,0,0,0,0,0,0,0,0,0,0,11198000,0,84204000,0,0,0,0,0,0,0,0
Viridiplantae,Kingdom,Eukaryota,Viridiplantae,,,,,,,0,0,0,0,0,0,0,0,0,0,0,0,0,0,0,0,0,0,61235000,0,12602000,27665300,0,95053000,41898000,133479000,0,0,0,15918000
Dorea sp. 5-2,Species,Bacteria,,Firmicutes,Clostridia,Clostridiales,Lachnospiraceae,Dorea,Dorea sp. 5-2,0,0,0,0,0,0,0,0,0,0,0,0,0,0,0,0,0,0,0,0,38005000,0,0,0,0,0,0,0,0,0
Lachnospiraceae bacterium MD308,Species,Bacteria,,Firmicutes,Clostridia,Clostridiales,Lachnospiraceae,,Lachnospiraceae bacterium MD308,0,0,0,0,0,0,0,0,0,0,0,0,0,0,0,0,0,0,10084000,210206800,19750000,18713000,0,0,0,0,0,0,0,0
Lachnospiraceae bacterium 2_1_46FAA,Species,Bacteria,,Firmicutes,Clostridia,Clostridiales,Lachnospiraceae,,Lachnospiraceae bacterium 2_1_46FAA,0,0,0,0,0,0,0,0,0,0,0,0,0,0,0,0,0,0,25858000,321595400,102730000,27404000,948300000,31073000,0,19523000,0,0,0,0
Liliopsida,Class,Eukaryota,Viridiplantae,Streptophyta,Liliopsida,,,,,0,0,0,0,0,0,0,0,0,0,0,0,0,0,0,0,0,0,61235000,0,0,0,0,0,0,0,0,0,0,0
Bacillus,Genus,Bacteria,,Firmicutes,Bacilli,Bacillales,Bacillaceae,Bacillus,,0,0,0,0,0,0,0,0,0,0,0,0,0,0,0,0,0,0,0,20319000,28687000,0,0,0,0,0,0,0,0,0
Poaceae,Family,Eukaryota,Viridiplantae,Streptophyta,Liliopsida,Poales,Poaceae,,,0,0,0,0,0,0,0,0,0,0,0,0,0,0,0,0,0,0,61235000,0,0,0,0,0,0,0,0,0,0,0
Anaerococcus,Genus,Bacteria,,Firmicutes,Tissierellia,Tissierellales,Peptoniphilaceae,Anaerococcus,,0,0,0,0,0,0,0,0,0,0,0,0,0,0,0,0,0,0,0,733560700,0,0,0,0,0,0,0,0,0,0
Poales,Order,Eukaryota,Viridiplantae,Streptophyta,Liliopsida,Poales,,,,0,0,0,0,0,0,0,0,0,0,0,0,0,0,0,0,0,0,61235000,0,0,0,0,0,0,0,0,0,0,0
Bacillaceae,Family,Bacteria,,Firmicutes,Bacilli,Bacillales,Bacillaceae,,,0,0,0,0,0,0,0,0,0,0,0,0,0,0,0,0,0,0,0,20319000,28687000,0,0,0,0,0,0,0,0,0
Clostridium tetani,Species,Bacteria,,Firmicutes,Clostridia,Clostridiales,Clostridiaceae,Clostridium,Clostridium tetani,0,0,0,0,0,0,0,0,0,0,0,0,0,0,0,0,0,0,0,0,46403000,0,0,0,0,0,0,0,0,0
Lachnospiraceae bacterium A2,Species,Bacteria,,Firmicutes,Clostridia,Clostridiales,Lachnospiraceae,,Lachnospiraceae bacterium A2,0,0,0,0,0,0,0,0,0,0,0,0,0,0,0,0,0,0,0,52900000,20740000,0,0,0,0,0,0,0,0,0
Veillonella sp. oral taxon 158,Species,Bacteria,,Firmicutes,Negativicutes,Veillonellales,Veillonellaceae,Veillonella,Veillonella sp. oral taxon 158,0,0,0,0,0,0,0,0,0,0,0,0,0,0,0,0,0,0,6171100,0,49799000,0,0,0,0,0,44725000,0,0,268758500
Lactobacillus fermentum,Species,Bacteria,,Firmicutes,Bacilli,Lactobacillales,Lactobacillaceae,Lactobacillus,Lactobacillus fermentum,0,0,0,0,0,0,0,0,0,0,0,0,0,0,0,0,0,0,0,0,0,0,367625000,0,0,0,0,0,0,0
Caudovirales,Order,Viruses,,,,Caudovirales,,,,0,0,0,0,0,0,0,0,0,0,0,0,0,0,0,0,0,0,0,0,0,0,0,142670000,400328400,115264000,137120000,0,0,0
Euryarchaeota,Phylum,Archaea,,Euryarchaeota,,,,,,0,0,0,0,0,0,0,0,0,0,0,0,0,0,0,0,0,0,0,0,0,0,15357000,14716000,0,0,0,0,0,0
Clostridium sp. D5,Species,Bacteria,,Firmicutes,Clostridia,Clostridiales,Clostridiaceae,Clostridium,Clostridium sp. D5,0,0,0,0,0,0,0,0,0,0,0,0,0,0,0,0,0,0,0,0,0,0,0,9197000,62224000,0,0,0,0,0
Myoviridae,Family,Viruses,,,,Caudovirales,Myoviridae,,,0,0,0,0,0,0,0,0,0,0,0,0,0,0,0,0,0,0,0,0,0,0,0,142670000,400328400,115264000,137120000,0,0,0
Clostridium butyricum,Species,Bacteria,,Firmicutes,Clostridia,Clostridiales,Clostridiaceae,Clostridium,Clostridium butyricum,0,0,0,0,0,0,0,0,0,0,0,0,0,0,0,0,0,0,0,0,0,0,0,26447000,265259100,0,179189000,0,0,0
V5virus,Genus,Viruses,,,,Caudovirales,Myoviridae,V5virus,,0,0,0,0,0,0,0,0,0,0,0,0,0,0,0,0,0,0,0,0,0,0,0,79469000,400328400,115264000,0,0,0,0
Viruses,Superkingdom,Viruses,,,,,,,,0,0,0,0,0,0,0,0,0,0,0,0,0,0,0,0,0,0,0,0,0,0,0,142670000,400328400,115264000,137120000,0,0,0
Odoribacter,Genus,Bacteria,,Bacteroidetes,Bacteroidia,Bacteroidales,Odoribacteraceae,Odoribacter,,0,0,0,0,0,0,0,0,0,0,0,0,0,0,0,0,0,0,0,0,0,0,0,0,0,0,67023000,0,0,29446200
Lactobacillus gasseri,Species,Bacteria,,Firmicutes,Bacilli,Lactobacillales,Lactobacillaceae,Lactobacillus,Lactobacillus gasseri,0,0,0,0,0,0,0,0,0,0,0,0,0,0,0,0,0,0,0,0,0,0,0,0,0,0,17787800,0,0,0
Klebsiella pneumoniae,Species,Bacteria,,Proteobacteria,Gammaproteobacteria,Enterobacterales,Enterobacteriaceae,Klebsiella,Klebsiella pneumoniae,0,0,0,0,0,0,0,0,0,0,0,0,0,0,0,0,0,0,0,0,0,0,0,0,0,0,0,200452000,0,0
Proteus,Genus,Bacteria,,Proteobacteria,Gammaproteobacteria,Enterobacterales,Morganellaceae,Proteus,,0,0,0,0,0,0,0,0,0,0,0,0,0,0,0,0,0,0,0,0,0,0,0,0,0,0,52048500,0,0,0
Providencia,Genus,Bacteria,,Proteobacteria,Gammaproteobacteria,Enterobacterales,Morganellaceae,Providencia,,0,0,0,0,0,0,0,0,0,0,0,0,0,0,0,0,0,0,0,0,0,0,0,0,0,0,6106500,32289000,0,0
Veillonella sp. ICM51a,Species,Bacteria,,Firmicutes,Negativicutes,Veillonellales,Veillonellaceae,Veillonella,Veillonella sp. ICM51a,0,0,0,0,0,0,0,0,0,0,0,0,0,0,0,0,0,0,0,0,0,0,0,0,0,0,128673000,0,0,0
Bifidobacterium dentium,Species,Bacteria,,Actinobacteria,Actinobacteria,Bifidobacteriales,Bifidobacteriaceae,Bifidobacterium,Bifidobacterium dentium,0,0,0,0,0,0,0,0,0,0,0,0,0,0,0,0,0,0,0,0,0,0,0,0,0,0,311417500,0,0,0
Blastocystis,Genus,Eukaryota,,,,,,Blastocystis,,0,0,0,0,0,0,0,0,0,0,0,0,0,0,0,0,0,0,0,0,0,0,0,0,0,0,0,0,0,323572000
Subdoligranulum,Genus,Bacteria,,Firmicutes,Clostridia,Clostridiales,Ruminococcaceae,Subdoligranulum,,0,0,0,0,0,0,0,0,0,0,0,0,0,0,0,0,0,0,0,0,0,0,0,0,0,0,0,0,0,172852900
Odoribacteraceae,Family,Bacteria,,Bacteroidetes,Bacteroidia,Bacteroidales,Odoribacteraceae,,,0,0,0,0,0,0,0,0,0,0,0,0,0,0,0,0,0,0,0,0,0,0,0,0,0,0,67023000,0,0,29446200
Streptococcus equinus,Species,Bacteria,,Firmicutes,Bacilli,Lactobacillales,Streptococcaceae,Streptococcus,Streptococcus equinus,0,0,0,0,0,0,0,0,0,0,0,0,0,0,0,0,0,0,0,0,0,0,0,0,0,0,427785000,0,0,0
Subdoligranulum variabile,Species,Bacteria,,Firmicutes,Clostridia,Clostridiales,Ruminococcaceae,Subdoligranulum,Subdoligranulum variabile,0,0,0,0,0,0,0,0,0,0,0,0,0,0,0,0,0,0,0,0,0,0,0,0,0,0,0,0,0,172852900
Selenomonas,Genus,Bacteria,,Firmicutes,Negativicutes,Selenomonadales,Selenomonadaceae,Selenomonas,,0,0,0,0,0,0,0,0,0,0,0,0,0,0,0,0,0,0,0,0,0,0,0,0,0,0,23413000,0,0,15765000
Streptococcus pasteurianus,Species,Bacteria,,Firmicutes,Bacilli,Lactobacillales,Streptococcaceae,Streptococcus,Streptococcus pasteurianus,0,0,0,0,0,0,0,0,0,0,0,0,0,0,0,0,0,0,0,0,0,0,0,0,0,0,115904000,0,13877000,0
